gesture,landmark_00_x,landmark_00_y,landmark_00_z,landmark_01_x,landmark_01_y,landmark_01_z,landmark_02_x,landmark_02_y,landmark_02_z,landmark_03_x,landmark_03_y,landmark_03_z,landmark_04_x,landmark_04_y,landmark_04_z,landmark_05_x,landmark_05_y,landmark_05_z,landmark_06_x,landmark_06_y,landmark_06_z,landmark_07_x,landmark_07_y,landmark_07_z,landmark_08_x,landmark_08_y,landmark_08_z,landmark_09_x,landmark_09_y,landmark_09_z,landmark_10_x,landmark_10_y,landmark_10_z,landmark_11_x,landmark_11_y,landmark_11_z,landmark_12_x,landmark_12_y,landmark_12_z,landmark_13_x,landmark_13_y,landmark_13_z,landmark_14_x,landmark_14_y,landmark_14_z,landmark_15_x,landmark_15_y,landmark_15_z,landmark_16_x,landmark_16_y,landmark_16_z,landmark_17_x,landmark_17_y,landmark_17_z,landmark_18_x,landmark_18_y,landmark_18_z,landmark_19_x,landmark_19_y,landmark_19_z,landmark_20_x,landmark_20_y,landmark_20_z
OK Sign,0.525835,0.905843,0.006091,0.35285,0.682975,0.003351,0.348639,0.603053,0.004475,0.391284,0.573333,-0.011843,0.452483,0.593433,0.001681,0.400016,0.678555,-0.020599,0.42739,0.601969,0.005559,0.481294,0.530744,0.013497,0.413329,0.57237,-0.003747,0.46339,0.680859,-0.01157,0.48515,0.50211,-5.1e-05,0.480243,0.293569,-0.001984,0.46385,0.12336,0.005631,0.550719,0.677806,-0.004103,0.52487,0.485002,-0.002831,0.526898,0.285545,-0.002283,0.567284,0.134572,-0.007038,0.597046,0.658086,-0.008159,0.621373,0.49335,0.021653,0.650084,0.294211,0.00752,0.638183,0.200892,0.004118
OK Sign,0.508128,0.917117,0.00851,0.363706,0.692806,0.000638,0.335193,0.621915,-0.001384,0.406397,0.571259,-0.013029,0.44935,0.59144,-0.014775,0.400649,0.677689,-0.011536,0.460962,0.591506,-0.018021,0.459289,0.526109,-0.000902,0.405844,0.547149,0.001991,0.458408,0.681571,0.003901,0.469691,0.473172,0.00089,0.464414,0.301792,-0.012861,0.460915,0.102678,0.000979,0.569638,0.658327,-0.006483,0.553105,0.469891,-0.008257,0.543462,0.301831,0.006948,0.543406,0.122774,-0.002106,0.601515,0.67359,0.010943,0.609474,0.466128,-0.000559,0.621915,0.282837,-0.010661,0.614725,0.179196,-0.005936
Open Palm,0.478303,0.912718,0.001968,0.37579,0.689513,0.011342,0.309232,0.627182,0.000791,0.194858,0.577818,0.0019,0.127167,0.46878,0.01062,0.396413,0.692355,0.00874,0.382738,0.486323,0.001947,0.378444,0.308998,-0.000204,0.373338,0.122422,-0.005955,0.470919,0.672144,0.008607,0.450595,0.48135,0.012751,0.455564,0.287479,-0.007413,0.470498,0.114806,0.000156,0.53197,0.663094,-0.00245,0.538655,0.475589,-0.000432,0.549527,0.294558,0.003765,0.543245,0.124551,0.000335,0.589405,0.660148,-0.005344,0.607176,0.477221,-0.005866,0.617965,0.312192,0.01666,0.648927,0.183577,0.008992
Thumbs Up,0.520399,0.923241,-0.011226,0.392953,0.728431,-0.016032,0.300837,0.615808,0.001405,0.23412,0.465903,-0.005544,0.226932,0.263806,0.015669,0.418332,0.655766,-4.3e-05,0.399038,0.774108,-0.001299,0.366371,0.73401,-0.004861,0.363882,0.806483,-0.001661,0.459603,0.653901,-0.012146,0.449842,0.759353,-0.005815,0.464003,0.720649,-0.006613,0.445784,0.788079,-0.011103,0.525169,0.678572,-0.011237,0.546208,0.772583,0.019424,0.528037,0.72232,-0.00267,0.542746,0.803783,0.001245,0.597173,0.675115,0.003113,0.643714,0.77268,0.011764,0.636438,0.696288,0.004185,0.645021,0.789412,0.007466
OK Sign,0.506673,0.908069,0.008058,0.376676,0.702853,0.00936,0.343024,0.601451,-0.003462,0.408004,0.544694,0.007277,0.44757,0.597424,0.000942,0.390639,0.699054,-0.001946,0.448633,0.583612,-0.006435,0.46613,0.523976,-0.000495,0.416614,0.553614,0.007876,0.477202,0.645349,-0.007311,0.462377,0.468215,-0.005845,0.471431,0.305836,-0.012916,0.445397,0.133015,-0.002432,0.54981,0.662157,0.000273,0.532664,0.476609,0.004795,0.550887,0.286665,0.008351,0.548232,0.135229,0.003446,0.604524,0.680441,-0.005812,0.61491,0.465362,-0.012366,0.655259,0.298001,-0.003291,0.659503,0.15909,0.009756
Fist,0.483118,0.920289,0.00243,0.384114,0.704265,0.000981,0.415987,0.701118,-0.008929,0.472167,0.689604,0.009139,0.423937,0.662724,0.000138,0.379501,0.672138,-0.005181,0.374691,0.768141,-0.000538,0.382182,0.729597,-0.007766,0.366907,0.799107,-0.01609,0.481282,0.662236,0.004643,0.454506,0.789335,0.009987,0.463538,0.726518,-0.005228,0.454196,0.786573,0.008422,0.554236,0.664242,0.000303,0.537999,0.764292,-0.004118,0.535234,0.696714,0.002368,0.540052,0.799498,-0.021263,0.611064,0.661695,-0.005003,0.638446,0.778532,0.002393,0.639442,0.725774,-0.006332,0.64586,0.797201,0.005671
Peace,0.504438,0.942804,0.002197,0.36926,0.712325,-0.013088,0.437201,0.744377,0.00428,0.442586,0.682461,-0.000985,0.411093,0.632256,-0.009484,0.393991,0.683507,0.022025,0.400831,0.470541,-0.003368,0.394086,0.307365,0.003127,0.375857,0.144392,0.017888,0.470115,0.671905,0.004035,0.461304,0.453688,0.00395,0.454897,0.315799,0.001459,0.478969,0.119709,0.00905,0.52042,0.681252,-0.001898,0.557249,0.775703,0.00546,0.555632,0.724598,0.003541,0.572165,0.793264,0.011227,0.605751,0.684483,0.018718,0.61842,0.754128,0.00131,0.6305,0.713682,-0.002634,0.639595,0.817172,0.009003
Thumbs Up,0.49434,0.932203,-0.000662,0.389004,0.708154,0.003785,0.277615,0.621037,0.000174,0.254027,0.465744,0.006009,0.200821,0.275126,0.000774,0.385954,0.655957,-0.000869,0.381066,0.782425,0.008937,0.366396,0.728171,-0.001157,0.361672,0.803085,-0.016542,0.470796,0.662341,-0.007439,0.441356,0.774685,-0.015019,0.470841,0.717128,-0.013457,0.449918,0.809059,-0.004759,0.536625,0.66557,-0.001026,0.525603,0.779454,-0.004465,0.585045,0.717444,-0.003645,0.563862,0.798128,0.002027,0.599511,0.688663,-0.005021,0.632504,0.793588,-0.002436,0.638798,0.727038,0.005461,0.632919,0.802178,-0.007563
Thumbs Up,0.502628,0.927703,0.00145,0.406967,0.707269,-0.023944,0.286518,0.601161,-0.001633,0.230162,0.452186,-0.008679,0.226361,0.287168,-0.005366,0.408156,0.678102,0.010138,0.369336,0.789359,-0.004862,0.385061,0.717691,-0.018174,0.364424,0.77859,-0.001737,0.469302,0.665184,-0.011895,0.450611,0.769865,-0.001985,0.475862,0.728509,-0.003778,0.473287,0.783583,0.00548,0.537897,0.672836,0.005108,0.537845,0.789614,-7.4e-05,0.578542,0.716349,0.010153,0.559765,0.78591,0.010885,0.597275,0.643216,0.006827,0.640827,0.780624,-0.002088,0.657804,0.728542,-0.005247,0.654778,0.785081,-0.004472
Fist,0.500119,0.914936,0.006967,0.373498,0.682114,-0.00632,0.43031,0.708022,0.010513,0.457169,0.67835,0.001026,0.427936,0.667863,-0.006086,0.391334,0.693606,-0.016879,0.369819,0.769329,0.007194,0.374541,0.723757,-0.006998,0.367816,0.788399,-0.004506,0.460843,0.661278,-0.008034,0.466492,0.783519,-0.00658,0.45482,0.725086,0.001171,0.475189,0.796849,0.002569,0.547909,0.657977,-0.008702,0.529463,0.784892,-0.00162,0.552622,0.721453,0.001626,0.559557,0.795133,0.005969,0.617289,0.65332,-0.001916,0.646546,0.823066,-0.000362,0.639095,0.700311,0.000893,0.645178,0.793177,0.014158
Open Palm,0.495273,0.92607,-0.00832,0.370373,0.70504,-0.004826,0.277657,0.639866,-0.007331,0.196718,0.575406,-0.001413,0.118355,0.474354,-0.01217,0.402128,0.682203,0.010101,0.424791,0.476455,0.001614,0.3679,0.322224,0.007932,0.384529,0.13716,-0.001062,0.439546,0.685001,0.005342,0.469942,0.470083,0.00694,0.467284,0.302407,-0.008855,0.447536,0.128926,-0.000849,0.527519,0.690815,-0.003509,0.542365,0.483121,0.011777,0.536998,0.297771,-0.010196,0.561586,0.135114,0.001268,0.613413,0.691792,-0.000881,0.612443,0.473053,0.008248,0.635958,0.305762,-0.005188,0.643558,0.187211,0.000848
OK Sign,0.501961,0.920784,0.017513,0.37542,0.69898,-0.012705,0.336763,0.615815,-0.010164,0.398233,0.561705,0.006285,0.431937,0.587791,-0.001886,0.400052,0.685014,0.007021,0.458168,0.621143,0.001765,0.47049,0.528503,-0.000633,0.404134,0.557869,-0.005188,0.454679,0.671894,-0.004485,0.469305,0.476584,0.004037,0.480994,0.306334,-0.002854,0.456584,0.132535,-0.003321,0.535842,0.68375,0.002288,0.537469,0.482252,-0.000925,0.540222,0.302995,-0.003207,0.541887,0.13857,-0.005434,0.626673,0.655156,0.00371,0.624198,0.48428,0.002365,0.639752,0.29691,-0.003,0.632997,0.203893,-0.008329
Open Palm,0.508079,0.92155,-0.001319,0.388019,0.683485,-0.00165,0.30504,0.614318,-0.006325,0.201876,0.56275,-0.002691,0.125159,0.469361,0.007836,0.402336,0.691782,0.006773,0.397169,0.496993,-0.006426,0.377581,0.278998,0.006964,0.39285,0.124174,-0.009737,0.483498,0.661152,-0.004035,0.485324,0.475695,-0.001492,0.483042,0.307091,-0.008512,0.479064,0.109104,0.00806,0.545882,0.663719,-0.006231,0.529801,0.500748,0.000995,0.538733,0.306887,0.009637,0.552826,0.138364,0.007632,0.610705,0.673799,-0.000923,0.607542,0.464796,0.003605,0.620399,0.299747,-0.001982,0.648643,0.18336,0.002452
Open Palm,0.49167,0.931249,0.004483,0.404093,0.698906,0.007213,0.309847,0.622793,-0.008427,0.203257,0.553129,-0.003372,0.112069,0.478225,-0.007232,0.384643,0.674622,0.000999,0.402296,0.486263,0.003392,0.390135,0.289022,-0.003988,0.376298,0.141219,0.005172,0.467456,0.667765,0.001999,0.452973,0.490183,0.006178,0.474849,0.311921,0.007983,0.438391,0.132703,-0.011439,0.528568,0.668406,0.009464,0.547124,0.482777,0.014285,0.549192,0.288603,-0.011151,0.538525,0.131343,-0.012325,0.615259,0.673707,-0.00576,0.6207,0.486198,-0.005056,0.637694,0.291399,0.0047,0.654492,0.183865,-0.010188
OK Sign,0.516149,0.930221,-0.012666,0.364436,0.697038,-0.014429,0.315051,0.621985,0.015374,0.387205,0.558606,0.011655,0.462631,0.573051,-0.000302,0.404936,0.657441,-0.004328,0.438317,0.562354,-0.006363,0.466521,0.535088,-0.010405,0.421474,0.557625,-0.001051,0.462885,0.643944,0.006912,0.472446,0.479695,-0.004227,0.447456,0.304863,-0.003721,0.467912,0.13807,-0.004018,0.53122,0.668013,0.002635,0.52245,0.48225,-0.011643,0.541917,0.327711,-0.007944,0.536713,0.125076,-0.001788,0.594376,0.674103,0.005098,0.625543,0.484176,-0.002171,0.617543,0.300411,0.004196,0.626845,0.177475,9.5e-05
Open Palm,0.501065,0.920973,-0.00689,0.364886,0.69542,0.006947,0.299815,0.654399,-0.000359,0.223575,0.549846,0.003527,0.117101,0.497897,0.000258,0.387615,0.672902,-0.008976,0.380083,0.491116,-0.000162,0.391367,0.289516,0.010374,0.370896,0.106512,-0.007166,0.453231,0.652434,0.004084,0.471238,0.48709,-0.005898,0.470081,0.282383,-0.003863,0.459095,0.123156,0.000804,0.539727,0.675653,0.002428,0.554613,0.474237,0.005212,0.54963,0.302917,0.00107,0.523122,0.15301,-0.007323,0.600443,0.666132,-0.01048,0.640401,0.472564,-0.005471,0.618944,0.305244,0.011167,0.640273,0.17071,0.010582
Thumbs Up,0.516969,0.922918,0.005859,0.390057,0.711136,0.002427,0.292547,0.620368,0.000551,0.218313,0.460286,-0.015107,0.209929,0.28496,0.009888,0.401815,0.681138,-4e-06,0.369718,0.763063,-0.007758,0.354806,0.727604,-0.001661,0.370844,0.800881,0.008352,0.482722,0.662256,-0.002195,0.457606,0.760544,0.005402,0.474666,0.719923,-0.003946,0.471091,0.77186,0.00142,0.541719,0.66315,0.011133,0.557649,0.776866,-0.000694,0.544944,0.713855,-0.010466,0.568559,0.812336,0.006385,0.596868,0.69497,0.015841,0.630257,0.769149,-0.006931,0.643823,0.709044,-0.000274,0.659064,0.781918,0.016046
Thumbs Up,0.527401,0.92337,0.010926,0.364361,0.698534,0.002585,0.310949,0.589829,0.007925,0.237096,0.478403,0.005699,0.210625,0.27374,-0.009985,0.402345,0.6677,0.016162,0.374668,0.783845,-0.012552,0.366454,0.723134,0.006592,0.381377,0.79947,-0.008938,0.475494,0.676204,0.003933,0.455597,0.793601,0.000703,0.468798,0.735289,0.004874,0.461438,0.825834,0.00195,0.536448,0.671344,0.011862,0.547425,0.786233,0.009566,0.543446,0.699281,0.002395,0.554757,0.792704,0.006969,0.617291,0.65806,0.004146,0.625647,0.762204,0.003624,0.638257,0.711057,0.004184,0.651857,0.79307,0.003203
Fist,0.51662,0.93155,0.004936,0.373681,0.717607,0.008324,0.4145,0.743063,0.001346,0.463342,0.655795,-0.011705,0.431874,0.650796,0.0065,0.384074,0.652297,0.015286,0.392913,0.77846,0.00179,0.362697,0.724272,0.009435,0.359014,0.805828,-0.013538,0.491618,0.682055,-0.00024,0.459987,0.796932,-0.004038,0.464837,0.716233,-0.007382,0.470466,0.795053,0.003714,0.535832,0.668386,-0.001368,0.538142,0.7888,-0.000694,0.559953,0.728962,0.009778,0.546102,0.807964,-0.001395,0.609731,0.661427,-0.003796,0.635562,0.775896,-0.005836,0.64898,0.724282,-0.009748,0.647269,0.813539,0.00877
Peace,0.521932,0.92434,0.000399,0.390628,0.69253,0.01198,0.448847,0.735151,-0.006306,0.472864,0.683536,0.005149,0.433639,0.665237,-0.00722,0.417884,0.673351,0.002593,0.397931,0.483741,0.005984,0.38347,0.297869,-0.004401,0.366864,0.126542,0.007916,0.465957,0.668667,-0.000808,0.473256,0.487788,0.015796,0.446983,0.297265,0.004584,0.440779,0.150896,-0.000929,0.530472,0.681649,-0.017584,0.548547,0.768102,-0.000119,0.554089,0.72951,0.003291,0.577037,0.800744,-0.002735,0.624713,0.669216,0.003346,0.580753,0.785439,-0.000598,0.633581,0.712124,0.007225,0.6215,0.83779,0.009233
Peace,0.499642,0.929653,-0.011693,0.366476,0.743755,-0.00704,0.433451,0.735253,-0.007857,0.480731,0.679213,0.001196,0.441821,0.650508,-0.003901,0.395854,0.653528,0.002207,0.396227,0.4822,0.005247,0.391488,0.304064,-0.001932,0.387645,0.12164,0.011171,0.467685,0.679178,0.014612,0.439672,0.477693,-0.003232,0.484189,0.295118,0.021832,0.442665,0.134194,-0.00309,0.546061,0.663218,-0.003608,0.524126,0.781298,-0.011983,0.533884,0.721042,-0.000971,0.564325,0.783762,0.003368,0.61387,0.666372,-0.006429,0.627051,0.790608,-0.00299,0.648968,0.716714,0.013798,0.646322,0.797893,-0.012887
OK Sign,0.493816,0.914263,0.00536,0.388167,0.67854,-0.005591,0.345479,0.597672,-0.004433,0.41586,0.56336,-0.004247,0.455693,0.573654,0.001304,0.405405,0.694404,0.005108,0.446633,0.587649,-0.002008,0.479682,0.544837,0.004304,0.415423,0.549689,-0.010814,0.464538,0.679307,0.00128,0.482163,0.477738,-0.01302,0.455432,0.310003,0.001968,0.462468,0.129456,-0.004048,0.547662,0.663663,0.003146,0.543373,0.4607,0.012292,0.543243,0.310047,0.0047,0.548703,0.12447,0.001613,0.603596,0.659947,-0.004088,0.599361,0.467887,-0.001144,0.635562,0.2757,0.003824,0.652917,0.190569,0.010857
Peace,0.506407,0.918953,-0.008337,0.406289,0.703167,0.006619,0.46081,0.723027,-0.003174,0.477868,0.664308,0.000592,0.420555,0.671642,0.003243,0.389042,0.681667,0.006761,0.377938,0.471746,-0.004206,0.367308,0.312776,-0.002591,0.369666,0.117547,-0.003156,0.487819,0.678979,-0.012939,0.454974,0.487627,-0.003985,0.457061,0.289674,-0.010649,0.462143,0.125437,0.009123,0.5392,0.658418,0.00555,0.562154,0.771171,-0.013621,0.543852,0.703801,0.013133,0.535347,0.796068,0.011788,0.620455,0.663836,-0.006265,0.625822,0.777118,0.011971,0.636944,0.7038,0.007886,0.658438,0.797278,0.006177
Fist,0.509273,0.921919,0.005605,0.406316,0.722575,0.002759,0.434067,0.743364,0.010223,0.455702,0.6653,0.006904,0.422701,0.667322,0.004343,0.391619,0.663879,0.008571,0.380061,0.770621,-0.002203,0.375972,0.713877,0.013899,0.373748,0.782117,0.001836,0.488827,0.709555,-0.003766,0.464297,0.763724,0.00445,0.466146,0.723398,-0.008674,0.467375,0.821938,0.01087,0.544347,0.669391,0.007187,0.544307,0.749651,-0.013743,0.566019,0.735963,-0.001003,0.542421,0.796397,-0.010289,0.606953,0.690964,-0.005005,0.618467,0.763873,0.001646,0.627401,0.727805,-0.002469,0.666176,0.807096,0.003816
Peace,0.502237,0.93302,-0.01034,0.373842,0.682691,0.001967,0.428745,0.72423,0.000332,0.451517,0.667736,0.012644,0.429724,0.65779,-0.012332,0.397428,0.676891,0.001359,0.40266,0.494723,-0.000676,0.375483,0.294067,-0.003308,0.383855,0.12491,-0.013446,0.47558,0.668813,-0.003738,0.443288,0.494041,0.005571,0.450057,0.301821,-0.00867,0.444673,0.104816,0.006235,0.550559,0.666282,-0.000479,0.567059,0.770935,-0.009478,0.551131,0.726594,-0.002375,0.534887,0.790793,0.00548,0.618577,0.649952,-0.009781,0.616178,0.779695,0.017655,0.63537,0.720745,-0.006377,0.677024,0.792777,-0.004094
Open Palm,0.508605,0.924058,-0.010763,0.396537,0.70573,0.007925,0.290623,0.636868,0.0155,0.187162,0.539742,0.015966,0.122885,0.47486,-0.00468,0.375927,0.692407,0.005645,0.39667,0.489896,-0.007317,0.386601,0.313029,-0.017639,0.380152,0.138965,0.000812,0.459373,0.668013,-0.003665,0.471204,0.473615,0.006115,0.45748,0.293762,0.009348,0.459071,0.136379,-0.010379,0.558251,0.652574,0.000775,0.540455,0.470843,-0.002195,0.561121,0.320867,-0.001893,0.54471,0.107465,0.013721,0.597207,0.659081,0.000838,0.628259,0.498279,0.017397,0.637946,0.294238,-0.005254,0.634858,0.189653,0.007639
Thumbs Up,0.469021,0.89575,-0.011054,0.392828,0.68958,-0.00182,0.276038,0.617331,-0.008816,0.245812,0.448083,-0.006119,0.211473,0.280297,0.011398,0.401445,0.655506,-0.004483,0.375127,0.788701,0.00307,0.369767,0.730435,-0.004228,0.362365,0.802169,0.012225,0.468818,0.66579,-0.008367,0.472233,0.772948,0.002749,0.437581,0.732518,-0.010656,0.448672,0.812703,-0.010676,0.539047,0.670891,-0.007988,0.562115,0.797985,-0.015773,0.532212,0.729699,-0.010424,0.547336,0.801555,0.005535,0.607321,0.671143,-0.006214,0.643508,0.774056,0.002718,0.63266,0.721276,-0.001345,0.64405,0.787835,0.006371
Peace,0.512814,0.917906,0.002907,0.37155,0.685026,0.005754,0.433144,0.737649,0.005893,0.442369,0.681437,-0.016047,0.426232,0.646972,0.003738,0.408711,0.663526,-0.000184,0.405218,0.460153,0.005149,0.382521,0.311378,-0.013215,0.373042,0.14325,0.010873,0.460769,0.666646,0.014731,0.449812,0.479451,0.001419,0.465799,0.288789,0.007716,0.471662,0.151794,-0.006344,0.53422,0.683159,0.014523,0.54588,0.761664,-0.001729,0.561177,0.728137,0.008904,0.575099,0.794824,-0.007236,0.595568,0.668527,0.008153,0.648726,0.782625,0.000118,0.637205,0.734717,-0.006096,0.644741,0.799071,-0.000217
Open Palm,0.491879,0.927289,-0.012882,0.377111,0.692375,-0.006214,0.278759,0.615909,0.009907,0.197447,0.557873,0.00401,0.132782,0.496042,-0.003453,0.402256,0.659136,0.005862,0.390803,0.490909,0.006618,0.39048,0.306434,0.000696,0.358088,0.133949,0.013467,0.464793,0.661872,0.004944,0.486942,0.467507,-0.019327,0.456322,0.301196,-0.001142,0.457876,0.123968,-0.005175,0.530074,0.67432,0.00458,0.524126,0.498983,0.003532,0.552948,0.296606,0.002038,0.535517,0.149001,0.011319,0.607126,0.654175,-0.002447,0.626546,0.475274,-0.006365,0.63083,0.289514,0.010682,0.648346,0.187965,-0.005663
Open Palm,0.503908,0.943521,-0.013113,0.362227,0.685506,0.007783,0.279249,0.621773,0.006499,0.191119,0.573384,0.001717,0.112058,0.490726,0.006527,0.418023,0.665036,-0.002548,0.408215,0.493339,0.002057,0.3709,0.287433,-0.011448,0.361111,0.127519,-0.009534,0.478648,0.639057,-0.00641,0.458688,0.487305,0.004181,0.448931,0.302745,-0.008355,0.464497,0.115362,0.001025,0.557623,0.694482,0.008694,0.530771,0.473772,-0.007466,0.538978,0.279026,-0.005043,0.562413,0.156812,0.003477,0.612439,0.678076,-0.012644,0.609301,0.489662,-0.001864,0.624483,0.310251,-0.015254,0.651007,0.170255,0.004507
Thumbs Up,0.491056,0.912219,0.009728,0.399159,0.731265,-0.000452,0.279903,0.598366,0.01286,0.211539,0.456196,-0.004529,0.231,0.26784,0.008813,0.41576,0.667999,0.003724,0.363535,0.778942,-0.00172,0.340245,0.724985,0.002841,0.343679,0.783053,-0.005994,0.46365,0.666324,-0.007665,0.451906,0.783678,-0.003802,0.459118,0.717244,0.003658,0.456149,0.810338,0.000824,0.550668,0.684965,-0.011684,0.557064,0.801394,-0.00778,0.549218,0.715714,0.003527,0.55824,0.791968,0.0105,0.59972,0.66834,0.008189,0.651441,0.773848,0.006258,0.641441,0.701011,-0.007642,0.631543,0.79396,-0.003334
Fist,0.506997,0.910838,-0.004567,0.387039,0.68034,0.01772,0.433617,0.726351,-0.001203,0.447119,0.70163,-0.000671,0.414779,0.681084,0.008256,0.397667,0.675235,-0.002657,0.377653,0.777348,0.002379,0.384339,0.74373,-0.017381,0.391868,0.812292,0.000132,0.464839,0.647583,0.009555,0.450865,0.787822,-0.003318,0.440891,0.725021,0.003891,0.44677,0.810313,0.014443,0.545888,0.675177,-0.00587,0.533528,0.775127,0.000552,0.549741,0.717613,0.019934,0.558854,0.788284,-0.009605,0.589137,0.657885,0.00463,0.624577,0.771686,0.004717,0.645391,0.724457,-0.000106,0.645559,0.784177,-0.014762
Peace,0.502081,0.936306,0.014979,0.389518,0.688117,0.011269,0.419852,0.720753,0.003421,0.443436,0.68962,-0.000429,0.424789,0.650119,0.006771,0.406157,0.66564,0.007562,0.358627,0.484348,-0.00086,0.37156,0.302127,0.003998,0.364156,0.128566,-0.000331,0.474715,0.684721,-0.003712,0.482653,0.464349,0.002406,0.443065,0.300861,0.005778,0.485276,0.130592,-0.005987,0.552318,0.670494,0.000787,0.557004,0.793113,-0.013857,0.550219,0.719803,-0.008557,0.532513,0.799198,-0.00371,0.601304,0.668352,-0.002808,0.628211,0.798921,-0.000241,0.661364,0.734929,0.007741,0.637258,0.796479,-0.007358
Thumbs Up,0.484679,0.924513,-0.00166,0.385013,0.692572,-0.008267,0.282253,0.601797,0.0042,0.22424,0.469137,0.004705,0.222487,0.290809,0.006275,0.409238,0.6638,-0.002095,0.360038,0.783501,-0.00539,0.376019,0.72633,-0.010817,0.351834,0.795808,-0.004141,0.472004,0.656135,0.000377,0.443738,0.754139,0.005733,0.444736,0.713281,-0.011339,0.441094,0.795214,-0.003281,0.551791,0.675394,-0.002089,0.555092,0.793399,0.00329,0.544724,0.732223,0.014148,0.559926,0.821248,0.007413,0.620186,0.656918,-0.008908,0.627406,0.759967,-0.004744,0.649208,0.712018,0.004266,0.629785,0.794076,0.008188
OK Sign,0.505984,0.93781,0.004574,0.352657,0.692413,-7.4e-05,0.356033,0.609249,-0.003833,0.393521,0.562262,0.001653,0.477557,0.588336,-0.009909,0.407421,0.683265,0.001399,0.436427,0.595647,-0.003885,0.45853,0.522935,0.007831,0.397789,0.558932,-0.00212,0.478957,0.667871,0.007303,0.457679,0.485187,0.002209,0.464721,0.318777,0.004253,0.46421,0.143178,0.003094,0.536992,0.681628,0.017865,0.536458,0.487729,0.001089,0.547438,0.277371,-0.005088,0.539362,0.147219,-0.008951,0.625945,0.658623,-0.001391,0.614617,0.473326,-0.01247,0.64559,0.313489,0.009635,0.648602,0.190944,0.00993
Peace,0.494099,0.923424,-0.009566,0.394088,0.676975,0.002578,0.424102,0.74787,0.006095,0.43499,0.650931,-0.008011,0.413973,0.657732,0.000242,0.408083,0.653608,-0.014404,0.39358,0.475668,-0.000827,0.373398,0.297921,0.011892,0.353521,0.115294,0.005133,0.488809,0.667532,-0.010102,0.442837,0.483127,-0.009995,0.489807,0.328099,0.00181,0.466826,0.128585,0.009134,0.539963,0.67076,0.010883,0.553514,0.805572,-0.013095,0.542933,0.709153,0.006734,0.546077,0.807228,-0.009352,0.608868,0.697564,0.013107,0.605458,0.784375,0.006611,0.632879,0.706771,0.005296,0.64721,0.80663,-0.001264
Open Palm,0.503403,0.911331,-0.000576,0.381576,0.702845,1.3e-05,0.290287,0.662354,0.02267,0.202076,0.548993,-0.008402,0.129758,0.460511,-0.001454,0.404739,0.67218,-0.003237,0.412603,0.489555,-0.003767,0.390499,0.297793,-0.00413,0.368109,0.14419,-0.004472,0.469144,0.682241,0.002433,0.469735,0.472016,0.018647,0.47352,0.271577,0.010433,0.445567,0.113536,-0.005583,0.555094,0.666731,0.001685,0.52311,0.492906,-0.002138,0.530829,0.303898,0.003919,0.55002,0.145497,0.004669,0.628027,0.669343,0.000876,0.62982,0.493904,-0.002665,0.65153,0.301384,3.9e-05,0.642302,0.169731,-0.013168
Fist,0.502482,0.933313,-0.016745,0.382469,0.716875,0.014492,0.418593,0.733315,0.008355,0.47447,0.657924,-0.016077,0.421852,0.66598,-0.000997,0.396066,0.685336,0.01182,0.374894,0.781892,-0.009255,0.392026,0.703149,-0.008561,0.353322,0.787418,0.01022,0.49786,0.673128,-0.002688,0.472661,0.769116,0.010702,0.459963,0.725047,-0.00553,0.455547,0.780565,0.00015,0.550683,0.647782,-0.008079,0.540286,0.776284,-0.000722,0.549059,0.723405,-0.000284,0.531817,0.803764,0.009627,0.613097,0.648718,0.001859,0.633704,0.768129,0.00061,0.654117,0.739409,0.001012,0.652089,0.798019,-0.003279
Open Palm,0.49605,0.895904,0.005683,0.390187,0.713811,0.010789,0.282741,0.63808,0.012349,0.212956,0.55115,-0.018883,0.117254,0.467178,0.000501,0.411651,0.652634,0.002199,0.375961,0.509789,0.000413,0.386802,0.287471,-0.017062,0.361494,0.118519,0.009381,0.456229,0.679924,0.003372,0.465511,0.450163,-0.004397,0.475349,0.306448,0.001197,0.443757,0.131512,0.00203,0.534167,0.675198,-0.005682,0.519057,0.472281,-0.005522,0.560928,0.308634,-0.000404,0.542439,0.136699,0.011953,0.598395,0.662331,0.009206,0.62522,0.474739,0.009242,0.635519,0.288686,0.002197,0.636914,0.199832,0.004859
Fist,0.483337,0.908266,-0.00688,0.395808,0.721671,0.002639,0.434089,0.753303,0.00359,0.466709,0.684472,0.002995,0.436189,0.668716,0.000683,0.395282,0.673121,-0.013301,0.387529,0.781513,0.002566,0.357319,0.725625,0.001465,0.363916,0.804442,-0.006637,0.452524,0.675449,-0.017614,0.47114,0.804811,0.002967,0.470644,0.739533,0.008354,0.485324,0.789546,-0.00273,0.5458,0.650621,-5.1e-05,0.546801,0.795575,0.008538,0.558795,0.728361,0.000491,0.555506,0.809114,0.008094,0.601371,0.675395,-0.000603,0.631187,0.793853,-0.002005,0.627736,0.709068,-0.004585,0.653314,0.798011,-0.004784
Peace,0.495834,0.920334,-0.004924,0.411962,0.696851,0.001492,0.424183,0.698283,0.011047,0.422118,0.696282,-0.010571,0.403693,0.658693,0.017567,0.403835,0.667705,-0.006142,0.398359,0.475559,0.00571,0.357538,0.306341,0.002544,0.356677,0.117608,-0.001179,0.464162,0.67348,-0.011477,0.456235,0.505368,-0.006739,0.458587,0.297875,-0.002228,0.475483,0.123134,0.006839,0.529735,0.679277,-0.001713,0.543903,0.778937,0.004402,0.535278,0.708355,0.016298,0.558078,0.795669,0.005137,0.609278,0.642983,0.001291,0.626538,0.78419,-0.006198,0.636155,0.733706,-0.001207,0.640852,0.804381,-0.003153
OK Sign,0.52088,0.905307,0.00064,0.362639,0.677122,-0.010372,0.334778,0.615846,-0.002962,0.411256,0.556068,-0.007406,0.466309,0.604483,-0.001968,0.380648,0.666917,-0.004135,0.445908,0.604381,0.000573,0.46849,0.53517,-0.009442,0.428503,0.578239,0.004194,0.488575,0.666998,6.1e-05,0.483288,0.477953,-0.004902,0.485098,0.298146,-0.006427,0.460865,0.104288,0.008362,0.556176,0.655073,-0.005371,0.565445,0.491596,-0.002649,0.544297,0.304816,0.011364,0.558298,0.136781,-0.001632,0.628519,0.676986,-0.008788,0.614783,0.501626,-0.014535,0.616195,0.306576,-0.001101,0.623383,0.137958,-0.002651
Fist,0.51027,0.915856,-0.000531,0.377672,0.698145,0.005079,0.42515,0.737249,0.003315,0.485803,0.671344,0.009201,0.429634,0.645327,0.004529,0.40734,0.662691,-0.019689,0.390948,0.764445,-0.001379,0.349905,0.727121,-0.014687,0.356951,0.793225,-5.6e-05,0.452203,0.675513,0.003869,0.459643,0.776587,-0.022024,0.479663,0.717279,0.005176,0.460196,0.800669,0.00551,0.532326,0.68223,0.012602,0.548411,0.778117,0.00782,0.55456,0.7155,-0.002732,0.553502,0.809144,-0.004029,0.61948,0.69355,0.004741,0.627246,0.786829,-0.003537,0.625366,0.710896,-0.010956,0.657535,0.794271,-0.014804
Thumbs Up,0.494969,0.955979,-0.013258,0.368803,0.708462,0.018868,0.278091,0.631951,-0.007336,0.24552,0.460905,0.01784,0.231384,0.272227,0.023486,0.38651,0.666237,0.014463,0.373183,0.772304,0.001045,0.37663,0.724646,-0.005966,0.366363,0.807649,0.012032,0.473938,0.654964,0.000227,0.456553,0.795828,-0.013403,0.467117,0.707215,0.010176,0.467254,0.802632,0.00404,0.535957,0.678109,-0.000397,0.554774,0.780703,-0.01985,0.543436,0.73821,0.01162,0.553255,0.798488,-0.002682,0.617567,0.676948,-0.007833,0.63594,0.794795,-0.007639,0.636558,0.725563,0.005782,0.640954,0.793656,-0.003711
Peace,0.489046,0.937576,-0.003095,0.368488,0.724096,0.007433,0.425985,0.720526,-0.001632,0.478928,0.66821,-0.010191,0.435295,0.656615,0.000804,0.406299,0.665319,-0.019393,0.388004,0.494893,0.01738,0.379686,0.299656,0.010924,0.380148,0.133545,-0.015833,0.465004,0.672577,-0.012112,0.462457,0.500502,-0.002057,0.446488,0.277355,-9e-05,0.454067,0.119578,0.00182,0.543418,0.672095,0.002804,0.531252,0.772314,-0.002609,0.548954,0.731875,-0.005826,0.542669,0.817849,0.001268,0.593224,0.666268,-0.00989,0.614356,0.763989,-0.006368,0.663517,0.732126,0.011053,0.659051,0.798381,0.003228
OK Sign,0.497995,0.906368,0.012617,0.384857,0.683521,-0.001237,0.346433,0.629381,-0.017027,0.407639,0.555349,0.001274,0.446408,0.609891,0.015586,0.396667,0.668802,0.020424,0.450118,0.577085,0.008976,0.462552,0.525991,0.008446,0.394308,0.571236,0.001438,0.474226,0.672289,-0.013302,0.457585,0.484488,0.004102,0.462894,0.280089,-0.002144,0.451399,0.120753,0.00383,0.543626,0.65186,-0.001066,0.549951,0.48225,-0.001388,0.546401,0.285804,0.015092,0.550548,0.119547,-0.014786,0.588722,0.662467,0.008252,0.612559,0.476817,-0.008126,0.646737,0.326896,-0.021892,0.632537,0.18585,0.003907
OK Sign,0.49083,0.926852,0.01163,0.374225,0.697864,-0.00702,0.336827,0.604404,-0.023897,0.405694,0.578303,0.005023,0.452128,0.581301,-0.001904,0.416844,0.663589,0.018123,0.426975,0.60034,-0.005353,0.459621,0.504168,0.007594,0.420161,0.572906,-0.003961,0.486073,0.672223,-0.001381,0.460895,0.494881,0.002912,0.468783,0.282251,-0.00047,0.448941,0.120326,-0.014826,0.547104,0.668716,3.6e-05,0.531335,0.482229,-0.00796,0.545269,0.307584,0.003005,0.556102,0.121895,-0.015534,0.613342,0.657199,-0.002561,0.605319,0.477212,0.005329,0.624956,0.28531,0.001163,0.640225,0.180251,0.002253
Open Palm,0.501234,0.907183,-0.009299,0.390804,0.685379,0.001607,0.297825,0.649033,0.002954,0.185591,0.566485,-0.001106,0.108269,0.456135,0.00361,0.381371,0.649512,0.013983,0.376134,0.47496,0.000574,0.381943,0.287768,-0.005667,0.382668,0.126655,-0.000185,0.444049,0.663116,0.006859,0.4581,0.468582,0.002999,0.470884,0.304005,-0.004531,0.469996,0.149548,0.00936,0.52124,0.705154,-0.010605,0.528439,0.483653,-0.000755,0.550636,0.31574,0.007444,0.538278,0.130865,0.00809,0.622635,0.683493,0.00654,0.627945,0.473838,-0.010545,0.633969,0.294552,0.009956,0.626529,0.175426,-0.003425
OK Sign,0.500375,0.922875,-0.013522,0.380484,0.694971,0.000252,0.34524,0.578142,0.011385,0.39592,0.566694,-0.002753,0.442603,0.605829,-0.009628,0.403523,0.673635,0.004129,0.455788,0.598329,0.004459,0.457804,0.527043,0.00266,0.429449,0.565646,-0.00152,0.472543,0.680979,0.003746,0.477647,0.475183,0.007265,0.459413,0.301136,0.004609,0.445047,0.126954,0.002191,0.541995,0.679969,-0.018584,0.523198,0.491934,0.00592,0.569652,0.298609,0.00958,0.575715,0.102574,-0.013261,0.604022,0.652955,0.012122,0.616261,0.471597,0.009887,0.63673,0.293006,0.005467,0.625942,0.171625,0.009427
OK Sign,0.494056,0.931571,-0.006336,0.362458,0.696242,-0.002142,0.315016,0.622159,0.021362,0.385129,0.576236,-0.01358,0.449013,0.580038,0.001504,0.406277,0.664493,-0.00131,0.453844,0.578861,0.009916,0.480419,0.524311,0.011345,0.391677,0.552624,0.004283,0.481356,0.68322,0.007837,0.467323,0.488262,0.00024,0.446083,0.310849,0.004554,0.459486,0.123072,0.015576,0.52882,0.670866,-0.005615,0.542496,0.493633,0.003279,0.542607,0.309761,0.007452,0.548196,0.124837,-0.005801,0.58728,0.688611,-0.00567,0.605541,0.469803,-0.009107,0.642219,0.298967,-0.007814,0.62733,0.167992,0.008996
Peace,0.521699,0.909296,0.019642,0.372136,0.690154,-0.005287,0.437785,0.729831,0.00897,0.450116,0.659921,-0.002967,0.423357,0.642363,-0.000852,0.406427,0.66032,-0.006592,0.377408,0.478279,0.003651,0.414071,0.313983,-0.010094,0.354558,0.128677,0.012576,0.477886,0.663672,0.008013,0.483378,0.497541,-0.008531,0.468949,0.284626,-0.006444,0.445657,0.126857,-0.011488,0.549299,0.669852,-0.006916,0.551825,0.798369,0.002763,0.542596,0.716594,-0.000833,0.543582,0.779459,-0.003028,0.624913,0.660073,-0.015443,0.626935,0.793234,-0.013779,0.64108,0.724937,0.004295,0.652685,0.807298,-0.012672
OK Sign,0.493258,0.923257,-0.008282,0.36157,0.682951,0.010465,0.335153,0.598075,-0.002309,0.416339,0.581097,-0.007151,0.471721,0.589367,0.009208,0.410549,0.670799,-0.005495,0.424974,0.590452,0.00329,0.462572,0.515133,0.003631,0.424722,0.562022,-0.004989,0.474075,0.65872,0.002204,0.471383,0.492731,0.014868,0.485846,0.310622,-0.004246,0.469015,0.113082,-5.5e-05,0.53852,0.663971,0.004037,0.537975,0.504144,-0.00139,0.569119,0.303476,-0.00795,0.550366,0.155726,-0.001216,0.611086,0.676631,0.006364,0.628495,0.459699,-0.005849,0.622531,0.336476,-0.00638,0.638659,0.212292,0.004056
Peace,0.50499,0.919195,0.003534,0.38363,0.702014,-0.002855,0.418324,0.7247,0.005733,0.458033,0.67928,0.006942,0.425851,0.642302,-0.000643,0.389544,0.66935,0.003122,0.396663,0.499965,-0.004007,0.377561,0.306888,0.007696,0.360623,0.138241,0.005324,0.468196,0.666627,0.005861,0.471976,0.484808,-0.005854,0.443032,0.298872,-0.002169,0.466498,0.120826,0.005078,0.544915,0.661118,0.00756,0.541885,0.771642,0.002007,0.549423,0.709139,0.004961,0.55189,0.790901,-0.014032,0.615117,0.671188,0.000955,0.644522,0.750113,0.010154,0.655166,0.708239,0.008117,0.636256,0.78749,-0.000811
Fist,0.514687,0.913997,-0.004678,0.363053,0.709177,-0.005614,0.433054,0.731234,-0.002704,0.455149,0.691888,0.012979,0.414968,0.650635,0.015431,0.401081,0.66331,-0.002642,0.392258,0.778962,0.000748,0.355728,0.71066,0.008906,0.36903,0.812107,-0.013614,0.463017,0.673722,0.005368,0.488978,0.782411,-0.007135,0.451277,0.703921,0.010757,0.456159,0.792303,0.009177,0.55616,0.666181,-0.004153,0.549491,0.759692,0.003998,0.557751,0.722213,0.005682,0.552198,0.802075,0.011102,0.611347,0.689499,0.006864,0.624839,0.779493,-0.005413,0.653403,0.75331,-0.002038,0.649565,0.805832,0.000742
Peace,0.491814,0.920188,0.006544,0.375614,0.717906,0.000205,0.448998,0.717414,-0.002215,0.454044,0.692128,0.005137,0.419083,0.65453,-0.000215,0.408695,0.680029,-0.000477,0.385185,0.481225,0.001034,0.38413,0.294558,0.013924,0.365454,0.14815,0.011149,0.481365,0.692489,0.004447,0.46305,0.473723,-0.005369,0.473748,0.282233,-0.011379,0.47939,0.142155,0.003315,0.55108,0.679292,-0.001495,0.528376,0.795397,0.00357,0.533085,0.721708,-0.00375,0.550616,0.796064,0.00441,0.607499,0.656141,0.005384,0.63383,0.762891,0.003273,0.649452,0.71817,0.001501,0.636828,0.778999,0.004175
OK Sign,0.482858,0.920984,0.003912,0.374418,0.702714,-0.001113,0.311815,0.609798,-0.003972,0.38415,0.577367,0.010059,0.44552,0.594289,3e-05,0.377322,0.674841,0.006965,0.44367,0.57803,0.009049,0.469192,0.516084,-0.004553,0.409931,0.548194,0.00608,0.463495,0.671644,0.014273,0.45882,0.466763,9e-06,0.458285,0.295989,-0.007294,0.442407,0.125276,-0.010345,0.526781,0.704079,0.019384,0.57167,0.476307,-0.008787,0.552956,0.287652,-0.002211,0.537813,0.140727,-0.000851,0.613879,0.662716,-0.001587,0.597695,0.478791,-0.002502,0.6339,0.29436,-0.007954,0.637939,0.197524,-0.00115
Open Palm,0.504091,0.919371,0.006792,0.402058,0.700013,0.00424,0.281004,0.638478,0.000199,0.225666,0.546325,-0.001072,0.120233,0.470948,0.00282,0.40017,0.671434,-0.005777,0.399365,0.468835,-0.002977,0.391268,0.316775,-0.006002,0.380474,0.128976,0.008352,0.471338,0.690365,0.012261,0.455171,0.476079,-0.006004,0.46273,0.278193,-0.013389,0.473238,0.134089,0.006028,0.529144,0.657387,-0.001549,0.559744,0.480905,0.001464,0.560433,0.304556,0.001456,0.554129,0.127712,0.012587,0.608748,0.661354,0.005453,0.63081,0.474339,0.005792,0.641818,0.259779,-0.013797,0.641806,0.168833,0.013491
Fist,0.477108,0.908885,-0.005519,0.356168,0.678039,-0.007675,0.443787,0.725592,-0.007462,0.457985,0.685867,0.003883,0.420509,0.691699,0.002116,0.405202,0.663632,-0.006892,0.368027,0.76452,0.004405,0.373143,0.712434,-0.002807,0.376711,0.797513,0.000273,0.473472,0.675964,-0.00605,0.434437,0.756594,0.002826,0.45348,0.715894,-0.013737,0.448393,0.801432,0.000316,0.527055,0.656143,0.015416,0.543003,0.77869,-0.010733,0.540226,0.716671,-0.009203,0.553087,0.786126,-0.005955,0.600421,0.650079,-0.012627,0.629443,0.767633,-0.001482,0.637052,0.72398,0.006499,0.638227,0.786173,0.001559
OK Sign,0.517245,0.915921,0.002995,0.382077,0.706902,-0.004665,0.327497,0.625491,0.001505,0.391385,0.555771,-0.000415,0.428667,0.595793,0.008356,0.392131,0.669909,-0.003299,0.442617,0.614204,0.006803,0.467151,0.522635,0.000615,0.412788,0.546034,-0.003422,0.475293,0.657151,-0.010531,0.464965,0.475212,-0.01377,0.477971,0.314109,0.016684,0.455518,0.136847,0.009806,0.546505,0.683809,0.001279,0.537308,0.485627,0.003936,0.554468,0.31309,0.001271,0.546426,0.144141,-0.001195,0.600152,0.681377,-0.017072,0.632895,0.490147,4e-06,0.642606,0.295183,0.002402,0.619766,0.16519,0.00356
Fist,0.493885,0.920431,-0.009395,0.399747,0.686397,0.005167,0.406401,0.719653,0.001778,0.446636,0.676936,-0.010722,0.421067,0.645814,-0.008485,0.403188,0.647147,0.005048,0.372203,0.799164,-0.004203,0.360616,0.721297,0.007979,0.334772,0.792301,0.010061,0.457522,0.655365,-0.012729,0.459847,0.764928,0.003587,0.442373,0.714279,-0.001539,0.450694,0.797142,-0.007707,0.52932,0.684743,0.003391,0.551069,0.792662,0.003229,0.545933,0.726955,-0.001966,0.572947,0.802509,0.00037,0.628758,0.679899,-0.005625,0.63374,0.76464,-0.00198,0.640907,0.721684,-0.001324,0.634535,0.80479,0.004444
Peace,0.50855,0.913842,-0.002557,0.384519,0.690969,-0.003275,0.448726,0.721041,-0.004135,0.490057,0.654484,-0.009475,0.441568,0.655085,0.003999,0.425436,0.661396,-0.004732,0.395479,0.47909,-0.004199,0.3795,0.284062,0.003726,0.383014,0.128063,-0.001791,0.476585,0.663541,-0.002465,0.46603,0.497664,-0.000394,0.462335,0.29803,-0.00307,0.449421,0.118971,0.006883,0.533171,0.671108,-0.00381,0.530065,0.774423,0.011176,0.544625,0.711884,-0.003423,0.547984,0.802742,-0.003293,0.608829,0.664109,0.00286,0.631735,0.78254,0.005065,0.637609,0.734555,0.00373,0.663854,0.799043,0.002177
OK Sign,0.512952,0.91003,0.004296,0.383274,0.68533,-0.007069,0.350444,0.624417,-0.004698,0.420984,0.556742,0.003054,0.465277,0.581124,0.013318,0.391038,0.678849,-0.003095,0.472906,0.590382,0.006949,0.479092,0.524897,0.007199,0.411229,0.539283,-0.002959,0.470605,0.643166,-0.009521,0.46592,0.485142,0.005066,0.46345,0.292104,0.00464,0.444621,0.138498,-0.012183,0.550971,0.659184,0.012466,0.538033,0.472577,-0.008181,0.553182,0.285534,-0.002078,0.554129,0.119345,-0.007314,0.603882,0.653711,-0.005783,0.619248,0.4613,5.6e-05,0.629805,0.302231,-5.7e-05,0.608835,0.16918,0.002465
Thumbs Up,0.508898,0.903757,0.008047,0.394367,0.698832,0.000261,0.298107,0.614406,0.005136,0.216967,0.457905,-0.0097,0.217575,0.286363,-0.000791,0.403562,0.651322,0.006863,0.376393,0.781549,0.008923,0.362122,0.734367,0.000993,0.364338,0.806673,-0.009976,0.477129,0.670738,0.00829,0.461398,0.77564,0.002957,0.459688,0.705912,-0.001552,0.473212,0.798883,-0.006964,0.548591,0.647759,-0.016962,0.54595,0.782171,0.001763,0.538887,0.718194,-0.01119,0.554635,0.780616,-0.001194,0.613139,0.64892,-0.00418,0.637458,0.798588,-0.012032,0.642879,0.705169,-0.010762,0.665153,0.808018,-0.006434
OK Sign,0.527169,0.933539,0.010823,0.378442,0.692627,0.004899,0.358297,0.598113,0.000488,0.401549,0.56673,0.009332,0.447622,0.588116,0.025192,0.394238,0.663527,0.001114,0.438251,0.587971,-0.000953,0.437612,0.531033,0.001835,0.429219,0.562073,0.009251,0.489703,0.676303,0.003695,0.462892,0.48747,-0.002644,0.435525,0.298483,0.009114,0.471633,0.126782,-0.006333,0.536814,0.669576,-0.009358,0.53106,0.479037,0.001727,0.553227,0.29034,-0.015426,0.546674,0.141759,-0.011802,0.599732,0.661949,0.013171,0.63275,0.476024,0.006225,0.620441,0.299595,-0.014715,0.625247,0.168552,-0.009348
Peace,0.500615,0.905518,-0.000649,0.366264,0.69239,-0.007511,0.433994,0.732238,-0.010557,0.448962,0.679968,0.003715,0.420867,0.633518,0.010295,0.421268,0.689006,0.004353,0.398614,0.47215,0.001509,0.367532,0.301461,-0.011438,0.380022,0.125745,0.006137,0.472191,0.664485,0.006747,0.452769,0.476822,-0.0043,0.472628,0.299094,0.00216,0.467306,0.101847,-0.007411,0.541391,0.68215,0.004581,0.561729,0.777341,0.000805,0.543602,0.714772,-0.006643,0.545481,0.797714,-0.005212,0.610319,0.648176,0.003423,0.630129,0.785355,-0.003708,0.632701,0.731788,-0.001236,0.669839,0.783127,-0.001979
Fist,0.507268,0.930123,0.001785,0.386529,0.706652,0.004115,0.444141,0.74023,0.00151,0.453553,0.689635,-0.004617,0.418228,0.651405,0.017063,0.388346,0.677967,0.00541,0.392515,0.779525,0.000671,0.368838,0.687384,-0.006114,0.380368,0.790205,0.00108,0.501651,0.658382,-0.004037,0.460975,0.756018,-0.006946,0.443256,0.726527,-0.001977,0.43241,0.809722,0.007777,0.53566,0.681361,0.004699,0.535028,0.783375,0.001478,0.539578,0.70768,0.003263,0.579681,0.799553,0.001682,0.597347,0.666885,-0.001619,0.623479,0.77213,-0.000389,0.632044,0.734897,0.016399,0.636864,0.795637,0.003469
Fist,0.50613,0.924353,0.00243,0.363906,0.686588,0.014096,0.422744,0.735468,0.000984,0.443371,0.662308,0.003964,0.416278,0.656612,0.008334,0.380524,0.669278,0.009371,0.392118,0.776688,0.003755,0.378693,0.709493,-0.011821,0.374374,0.800643,0.014554,0.462275,0.681952,0.006641,0.469911,0.780345,-0.007563,0.456897,0.714077,0.000184,0.445444,0.80295,0.014258,0.529464,0.676374,-0.015126,0.552016,0.783146,-0.007286,0.556214,0.721252,0.014465,0.553358,0.804738,-0.001168,0.596535,0.701222,0.001461,0.63167,0.781018,-0.011734,0.622479,0.699898,0.010568,0.652025,0.795977,-0.011447
Fist,0.507932,0.924122,-0.012372,0.371104,0.683215,-0.005989,0.428884,0.722549,0.009332,0.465021,0.669807,0.0103,0.430929,0.662348,-0.002914,0.423241,0.679574,-0.0086,0.383939,0.770006,0.007158,0.358857,0.712357,-0.004941,0.369765,0.787407,6.2e-05,0.444192,0.680203,-0.021485,0.466121,0.782997,-0.003995,0.473593,0.73355,0.008587,0.47161,0.803929,-0.003037,0.543161,0.683217,-0.000423,0.517189,0.759859,0.014419,0.539722,0.712671,0.007556,0.56276,0.806702,0.001156,0.584534,0.696622,-0.003031,0.641075,0.781701,-0.004282,0.635595,0.717977,0.013207,0.630484,0.804762,0.01445
Open Palm,0.50377,0.916872,0.000892,0.37597,0.673542,-0.006731,0.280052,0.645803,-0.003848,0.178403,0.559657,0.002293,0.129232,0.484372,0.019125,0.389591,0.685806,0.007368,0.382925,0.478463,-0.005969,0.379613,0.294683,-0.003559,0.372937,0.11757,0.008996,0.480537,0.661657,0.006902,0.454233,0.458592,0.002519,0.470259,0.291128,0.00421,0.484526,0.166149,-0.006984,0.54392,0.655257,0.022652,0.53792,0.49032,0.000756,0.533615,0.297518,-0.010829,0.541321,0.126783,0.0018,0.582739,0.669213,0.020424,0.608029,0.48391,-0.003385,0.595033,0.288055,-0.005468,0.647164,0.179579,-0.001762
OK Sign,0.521387,0.889979,-0.006932,0.36677,0.684005,-0.021905,0.340579,0.598062,-0.006426,0.398296,0.557386,-0.004974,0.457433,0.580572,0.009093,0.414691,0.661009,-0.007,0.456074,0.57472,-0.004614,0.466892,0.542021,0.00939,0.413287,0.56649,0.002643,0.489537,0.66985,-0.001079,0.464485,0.464466,-0.010406,0.43142,0.317644,0.015688,0.440335,0.140186,0.003213,0.537582,0.677452,-0.000814,0.574965,0.490886,-0.006303,0.53327,0.316548,-0.002124,0.546401,0.13179,0.000532,0.623875,0.658666,-0.018401,0.612774,0.470463,-0.005096,0.608939,0.288686,-0.011645,0.648495,0.166944,-0.001837
Peace,0.500664,0.931898,-0.003075,0.372457,0.684051,0.009536,0.438544,0.735639,-0.01207,0.466043,0.683424,-0.002705,0.403479,0.65932,-0.006967,0.40096,0.67076,-0.002705,0.401134,0.479207,0.004233,0.386121,0.312098,-0.007712,0.368856,0.141064,0.001228,0.48351,0.678943,-0.003557,0.477416,0.47691,0.007653,0.485945,0.313099,0.018316,0.442381,0.12342,-0.002131,0.535197,0.674469,-0.002945,0.559273,0.791817,0.003308,0.537453,0.726568,0.005394,0.556247,0.80036,0.011203,0.603419,0.6656,0.005336,0.634369,0.790231,-0.002272,0.623024,0.705149,-0.003461,0.655509,0.809507,-0.014527
Open Palm,0.507874,0.922171,0.006337,0.373776,0.687025,0.001668,0.32227,0.649692,-0.0056,0.216727,0.537626,-0.002015,0.124769,0.471921,-0.004753,0.39796,0.66349,-0.006273,0.377539,0.461279,-0.007731,0.379881,0.312076,-0.005307,0.35846,0.149265,-0.009146,0.471135,0.658763,-0.005751,0.471489,0.485534,0.010168,0.471725,0.301848,0.004997,0.448637,0.144526,0.004261,0.545878,0.677182,-0.011838,0.529543,0.481587,0.001159,0.5532,0.301279,-0.001476,0.564093,0.134195,0.005973,0.624342,0.685168,0.002542,0.628159,0.483192,0.00858,0.656267,0.287461,-0.006022,0.656004,0.182234,-0.003439
Open Palm,0.511604,0.929017,0.000183,0.383504,0.719377,-0.014101,0.298976,0.65296,0.009714,0.20963,0.550713,-0.004312,0.127946,0.472928,-0.001587,0.381937,0.655691,0.002773,0.385438,0.470895,-0.001502,0.384717,0.296865,0.001381,0.374062,0.126982,-9.1e-05,0.459353,0.663981,-0.014697,0.452853,0.465755,-0.003191,0.477264,0.299892,0.001204,0.449691,0.133445,0.013566,0.538953,0.660103,-0.009327,0.546305,0.468704,0.005707,0.534152,0.280127,0.00384,0.533476,0.137274,0.008299,0.602886,0.6725,0.011137,0.613872,0.499181,-0.002628,0.617647,0.301171,0.001801,0.650612,0.190637,0.002956
Peace,0.504623,0.925149,-0.000155,0.363629,0.68692,0.005095,0.415347,0.732716,-0.002886,0.452773,0.68032,0.013411,0.423466,0.656452,-0.011787,0.406147,0.68364,0.004859,0.404541,0.485719,-0.010426,0.380561,0.306298,0.005768,0.367083,0.12924,0.002927,0.485256,0.682063,0.005171,0.471605,0.467697,-0.008808,0.462598,0.312499,0.003163,0.467733,0.111981,-0.011693,0.553439,0.669584,-0.01051,0.556586,0.783096,0.023612,0.5646,0.72416,-0.001209,0.554788,0.798768,-0.01151,0.62113,0.673298,-0.022038,0.620374,0.770055,0.007847,0.638271,0.737849,-0.012732,0.633091,0.812805,-0.005242
Open Palm,0.518069,0.903629,0.01129,0.378601,0.707427,0.007118,0.301534,0.640739,0.003637,0.1989,0.568732,-0.007134,0.124855,0.498473,0.016052,0.412817,0.687536,0.004189,0.403196,0.50334,-0.000434,0.362047,0.297956,0.001488,0.363113,0.115626,-0.003944,0.45524,0.680952,0.013637,0.474955,0.463265,0.001657,0.453401,0.303357,-0.006585,0.472794,0.138428,-0.002565,0.546054,0.670758,0.013819,0.520331,0.484955,0.009944,0.541899,0.294011,0.001418,0.537963,0.123561,-0.008194,0.60787,0.644896,-0.004822,0.626151,0.475458,-0.003295,0.639688,0.318934,-0.005898,0.651459,0.158994,-0.006767
Open Palm,0.524669,0.932771,-0.007392,0.381645,0.707482,-0.003904,0.307197,0.634066,0.007939,0.192435,0.566086,0.012399,0.125693,0.474143,0.001773,0.408698,0.664863,-0.003159,0.411694,0.496764,-0.005306,0.36528,0.284599,-0.008918,0.369593,0.129091,-0.01107,0.471855,0.635161,0.001119,0.486144,0.465419,-0.023037,0.465699,0.308408,-0.003267,0.463745,0.145493,0.013515,0.547176,0.655168,0.001355,0.531147,0.479813,-0.001931,0.539449,0.318374,-0.001821,0.531229,0.134555,0.005489,0.610613,0.660702,-0.003459,0.612384,0.473944,-0.005614,0.626248,0.28373,0.001974,0.627612,0.190525,0.00305
Open Palm,0.500008,0.928742,0.007939,0.367857,0.710048,0.004052,0.307105,0.633663,0.009501,0.208744,0.554695,0.008009,0.115532,0.490958,-0.000803,0.401297,0.670815,0.008112,0.389509,0.486968,0.004797,0.370789,0.311088,0.011783,0.37913,0.134869,-0.006814,0.485472,0.651594,0.001153,0.485448,0.471732,0.004316,0.454984,0.307902,-0.01132,0.456053,0.122347,0.000812,0.519585,0.68809,0.002481,0.537284,0.497868,-0.00019,0.549378,0.303459,0.012727,0.55089,0.117187,0.000715,0.615038,0.66969,-0.005197,0.609752,0.459637,0.003849,0.618886,0.29229,0.004076,0.649951,0.167573,-0.00281
Peace,0.501875,0.904108,0.00647,0.3799,0.689887,-0.004766,0.407272,0.723333,-0.018197,0.454594,0.674053,-0.004712,0.413006,0.649896,0.009872,0.417271,0.667965,0.009149,0.386872,0.476371,-0.00663,0.38947,0.307417,-0.010324,0.37492,0.123796,-0.007215,0.469692,0.646974,-0.003472,0.489524,0.485228,-0.009085,0.47034,0.301063,-0.002566,0.453971,0.130008,-0.004739,0.537922,0.678874,0.006526,0.530442,0.774379,0.012855,0.571159,0.724437,0.012877,0.566498,0.798416,-0.01597,0.609266,0.654614,0.001091,0.648954,0.782984,-0.006281,0.624768,0.696445,-0.015248,0.665521,0.810271,-0.001048
Peace,0.507393,0.93653,-0.001773,0.384457,0.687827,0.010424,0.422579,0.749794,-0.00304,0.468133,0.673599,0.015022,0.396334,0.664432,-0.016636,0.385543,0.692704,0.007264,0.366424,0.479928,-0.004957,0.387938,0.322205,0.005231,0.378216,0.136096,-0.00874,0.478414,0.681053,-0.004899,0.45914,0.4974,0.001673,0.450052,0.294911,-0.00366,0.460226,0.129127,-0.001994,0.560087,0.679987,0.011864,0.525664,0.781334,0.009398,0.558305,0.711848,-0.006048,0.56352,0.79745,0.005186,0.611879,0.668588,0.000964,0.618045,0.800414,0.004385,0.655592,0.71365,-0.004324,0.642169,0.789661,0.005425
Open Palm,0.498419,0.925682,0.003196,0.374241,0.696255,-0.013722,0.297169,0.638683,0.012396,0.178588,0.562035,0.004744,0.111617,0.485796,0.002266,0.406354,0.6672,-0.025414,0.391521,0.481129,-0.005849,0.365196,0.306275,0.003171,0.391951,0.120322,0.009484,0.470205,0.664045,0.003994,0.477368,0.473697,0.012563,0.463926,0.285203,-0.009109,0.473864,0.123365,0.000712,0.541271,0.668651,0.007835,0.537367,0.466684,-0.018411,0.544878,0.296831,0.009906,0.540551,0.142279,-0.002312,0.630648,0.658315,-0.003209,0.627594,0.494261,0.006752,0.612879,0.31306,-7.4e-05,0.617463,0.173294,-0.002787
Thumbs Up,0.510609,0.908683,-0.003593,0.383875,0.697994,-0.001482,0.289796,0.60165,-0.006398,0.235289,0.446859,0.009323,0.212608,0.264682,0.002264,0.402007,0.679146,0.009271,0.377603,0.771507,-0.004848,0.359427,0.711043,0.002276,0.364183,0.794104,-0.005906,0.474175,0.663981,-0.008321,0.46218,0.776826,-0.00856,0.470326,0.730152,0.000327,0.459572,0.806328,-0.000247,0.550696,0.689872,0.000644,0.551283,0.790481,-0.002704,0.53606,0.730872,-0.01255,0.573466,0.810445,0.001502,0.610613,0.691016,-0.00757,0.614078,0.772822,-0.002094,0.626722,0.721846,0.001088,0.636234,0.819237,-0.011137
Peace,0.482874,0.924575,-0.00182,0.383375,0.691784,-0.001204,0.422516,0.733542,-0.001745,0.482376,0.671743,0.00895,0.407346,0.654416,-0.006732,0.415116,0.675244,0.001097,0.393363,0.466988,0.011223,0.397774,0.299588,0.000106,0.38079,0.127897,-0.001601,0.464086,0.665849,-0.003808,0.475608,0.47606,-0.003427,0.456178,0.282006,0.012481,0.467103,0.140398,-0.004239,0.557486,0.671742,0.011621,0.54584,0.779464,-0.004224,0.55053,0.7227,0.011942,0.570477,0.801079,0.009752,0.577388,0.664356,0.001998,0.638645,0.785077,-0.000448,0.633262,0.710403,0.015216,0.659467,0.815693,8.5e-05
Thumbs Up,0.507635,0.909213,-0.005972,0.365325,0.697957,-0.000953,0.292054,0.601272,0.007252,0.241005,0.478558,0.00569,0.212226,0.288069,0.004878,0.392178,0.685473,0.013748,0.405723,0.780423,0.002594,0.376196,0.719969,0.004954,0.362546,0.797675,0.014072,0.471977,0.670804,0.007056,0.465804,0.783499,-0.000509,0.445755,0.719628,-0.009095,0.460522,0.785823,0.007334,0.548991,0.673365,-0.000801,0.550996,0.75642,-0.008775,0.547815,0.724143,-0.000635,0.539945,0.801601,-0.00363,0.597177,0.673954,-0.00168,0.642358,0.787986,0.005877,0.64266,0.709858,-0.007485,0.628346,0.834548,-0.008636
Thumbs Up,0.505038,0.926431,-0.001018,0.403277,0.695027,-0.003608,0.256886,0.631227,-0.002952,0.215888,0.475851,0.009884,0.2113,0.262781,0.003352,0.392543,0.655951,0.008347,0.356409,0.786806,0.003675,0.395812,0.723902,-0.016467,0.353967,0.800776,0.002845,0.48177,0.646484,-0.00264,0.475638,0.798528,0.014888,0.455717,0.733171,0.013694,0.472377,0.808684,0.006622,0.530521,0.652633,0.007863,0.541835,0.779662,-0.00463,0.544885,0.722793,-0.008175,0.552822,0.802953,-0.000619,0.601076,0.679439,0.014981,0.620785,0.794814,0.007114,0.606961,0.710866,-0.005087,0.655381,0.802262,0.003795
Peace,0.498164,0.919376,-9.4e-05,0.396705,0.704681,-0.01586,0.442728,0.706842,-0.00325,0.443367,0.680484,-0.010057,0.403467,0.647442,0.00651,0.397771,0.678006,0.010882,0.39341,0.486841,-0.007756,0.380085,0.286214,0.004431,0.383875,0.14159,-0.000226,0.480745,0.668256,-0.004492,0.472875,0.488712,0.017629,0.47245,0.286789,-0.007825,0.44538,0.130928,-0.008797,0.556348,0.666502,0.005134,0.54782,0.784126,-0.008292,0.549198,0.714872,-0.00081,0.553496,0.808178,-0.003724,0.619883,0.673951,0.01311,0.588249,0.772288,0.010069,0.608545,0.737816,0.000658,0.621493,0.808707,-0.008421
Open Palm,0.496562,0.918344,-0.002719,0.382995,0.679311,-0.000158,0.294411,0.644719,-0.00862,0.194947,0.555431,-0.00432,0.105398,0.466963,7.3e-05,0.404626,0.671776,-0.006972,0.39517,0.477614,-0.003964,0.369997,0.293888,0.005736,0.370792,0.128522,-0.008008,0.503485,0.642821,-0.016223,0.460552,0.482393,0.014188,0.469865,0.30361,0.007357,0.462141,0.106539,0.002039,0.542608,0.696036,-0.005768,0.558239,0.463678,0.012262,0.547891,0.310044,0.00563,0.557134,0.131171,-0.005248,0.608084,0.660815,-0.000902,0.600144,0.482067,0.007818,0.643323,0.315766,0.00122,0.63515,0.176937,0.003139
Fist,0.49801,0.927635,-0.011698,0.36952,0.702835,0.000535,0.43239,0.737028,0.00958,0.447393,0.671838,0.008596,0.421086,0.662254,0.009688,0.377991,0.687895,0.001583,0.366704,0.79456,0.014385,0.389273,0.716984,0.005578,0.370444,0.78357,0.020501,0.458083,0.69479,-0.000239,0.467186,0.776947,0.011187,0.481875,0.722179,-0.005013,0.44962,0.80805,-0.017812,0.520704,0.670126,0.002459,0.540205,0.774824,-0.013776,0.544917,0.718138,0.002338,0.558889,0.776622,0.012519,0.58466,0.676196,-0.003604,0.639803,0.786625,-0.001515,0.635038,0.70001,-0.000722,0.637231,0.788684,-0.008938
Fist,0.526548,0.916734,0.002707,0.372283,0.69333,-0.001174,0.421411,0.718612,0.000295,0.455005,0.705524,-0.001464,0.412079,0.667398,0.013999,0.380749,0.684724,-0.008472,0.376108,0.763302,-0.003756,0.354553,0.712708,-0.002698,0.362244,0.803048,0.002117,0.469058,0.68556,0.001344,0.478463,0.781576,-0.005115,0.444106,0.686484,-0.003461,0.444133,0.799718,0.010251,0.512887,0.678076,-0.012119,0.523752,0.806869,0.006053,0.513921,0.736097,-0.001817,0.569913,0.788883,0.001579,0.611411,0.645142,0.001028,0.637561,0.768519,0.004204,0.646691,0.720256,0.009073,0.653685,0.819376,0.002077
Peace,0.50857,0.919473,-0.006251,0.358684,0.686512,-0.013007,0.43032,0.724693,-0.007365,0.470471,0.681552,0.000381,0.426697,0.672437,-0.012823,0.40848,0.648293,-0.006355,0.402696,0.488295,0.005318,0.383285,0.316956,-0.012326,0.369338,0.130568,0.016282,0.482319,0.682461,-0.006091,0.493846,0.485662,-0.008047,0.491844,0.282877,-0.00695,0.458192,0.118235,0.004218,0.543321,0.671362,0.01515,0.526392,0.796397,-0.006597,0.567146,0.742863,0.018412,0.549714,0.786041,0.002623,0.60936,0.648846,0.005884,0.616928,0.797304,0.007721,0.635424,0.720434,-0.001941,0.640511,0.83718,-0.00749
Peace,0.506548,0.924837,0.004553,0.397246,0.696606,-0.012746,0.429066,0.739713,0.0002,0.463817,0.659328,-0.006673,0.426465,0.669333,-0.006003,0.404404,0.661468,-0.00922,0.391402,0.482604,0.003171,0.389861,0.320125,0.00759,0.36867,0.141276,-0.01174,0.471208,0.682642,0.005433,0.476789,0.50292,-0.005926,0.473237,0.29888,0.008917,0.462411,0.139385,0.012374,0.547571,0.667482,-0.002941,0.537672,0.792457,0.010499,0.546668,0.698288,-0.005068,0.557208,0.788639,-0.015668,0.604667,0.645518,0.002604,0.623187,0.780723,0.010373,0.627905,0.694225,-0.000227,0.651628,0.782845,-0.002948
Open Palm,0.491505,0.928111,0.00202,0.353702,0.683855,-0.004697,0.304205,0.659575,0.005456,0.217075,0.550963,0.003333,0.121524,0.467042,-0.002803,0.395718,0.675473,0.003963,0.383969,0.473617,-0.015205,0.387164,0.298759,-0.000232,0.37955,0.124056,-0.007711,0.462775,0.665876,0.001741,0.45958,0.474711,-0.010637,0.458809,0.279035,-0.005286,0.46748,0.132057,-0.00125,0.537305,0.680803,-0.009427,0.548457,0.471402,0.002226,0.544475,0.293481,0.002498,0.541245,0.115445,-0.003864,0.594944,0.671742,-0.004863,0.604283,0.484371,0.003214,0.626686,0.296493,0.007306,0.633746,0.183097,-0.00908
Fist,0.495638,0.938046,-0.004489,0.383711,0.704518,-0.001811,0.402236,0.707662,-0.002068,0.486413,0.671358,-0.000189,0.444934,0.660459,0.004074,0.40374,0.659948,-0.006863,0.37597,0.77991,-0.005869,0.365273,0.723121,0.009596,0.392319,0.791464,0.002275,0.458212,0.662573,-0.013762,0.48472,0.774888,0.007678,0.447745,0.691861,0.013666,0.438612,0.787595,0.009622,0.541074,0.667768,0.010679,0.54261,0.789611,-0.009893,0.566728,0.713324,0.00143,0.543379,0.790239,-0.002238,0.621008,0.667061,0.001556,0.62234,0.795887,-0.01172,0.618681,0.736972,-0.01729,0.666651,0.799819,0.003477
Peace,0.483906,0.929459,0.008621,0.387368,0.692785,-0.004297,0.424722,0.743355,0.004213,0.480867,0.668365,-0.001805,0.404872,0.642993,-0.001242,0.395972,0.663846,-0.012278,0.392911,0.476594,0.007319,0.387706,0.284259,0.003166,0.365814,0.14839,-0.000237,0.463958,0.665122,-0.012007,0.482143,0.505432,-0.013838,0.460678,0.298675,-0.004754,0.47561,0.144969,-0.001963,0.564855,0.670393,-0.001935,0.549358,0.771048,0.011625,0.557,0.715741,-0.001484,0.541107,0.80315,-0.010349,0.610038,0.663794,0.004536,0.640511,0.789443,-0.000981,0.630285,0.716404,-0.000133,0.651855,0.793182,-0.007738
Fist,0.493083,0.92904,0.004227,0.373027,0.708718,-0.003194,0.42232,0.720392,-0.008596,0.463735,0.677642,-0.002456,0.430249,0.67058,0.000878,0.376776,0.675822,-0.01567,0.371289,0.77807,0.012278,0.341419,0.701624,-0.005723,0.372295,0.780415,-0.0064,0.484554,0.680582,-0.004863,0.476166,0.781022,-0.007255,0.451838,0.712468,-0.00863,0.463506,0.81212,-0.011522,0.547996,0.657466,-0.000581,0.549642,0.792166,-0.000192,0.552585,0.739552,0.012922,0.564638,0.809006,0.004066,0.629671,0.678848,-0.005423,0.629274,0.78493,-0.011142,0.631865,0.740529,-0.009096,0.652118,0.803757,0.00772
Thumbs Up,0.518801,0.905155,-0.011309,0.376599,0.687626,-0.00211,0.259026,0.607256,0.014423,0.216601,0.456723,-0.011917,0.217659,0.277296,0.015526,0.402482,0.665534,0.004402,0.375925,0.763928,0.002416,0.369102,0.721996,0.003004,0.357876,0.805059,0.013902,0.456706,0.690849,-0.001942,0.4548,0.809127,0.00124,0.476845,0.729811,-0.013445,0.45945,0.793696,-0.010734,0.518739,0.671227,0.004722,0.550688,0.77633,-0.006388,0.537758,0.713338,-0.008264,0.549561,0.799725,-0.007168,0.607215,0.660876,-3.6e-05,0.634085,0.782138,0.003777,0.618976,0.715456,0.002214,0.653694,0.780824,0.001273
Peace,0.486472,0.910559,-0.00632,0.374231,0.709394,-0.009151,0.43732,0.712709,-0.003244,0.475838,0.685545,0.002178,0.427561,0.666912,0.005024,0.416844,0.657539,-0.000566,0.398197,0.488996,0.004464,0.396778,0.293988,-0.010798,0.388269,0.12999,-0.004389,0.470429,0.664813,0.00805,0.477532,0.483741,0.004327,0.464091,0.312318,-0.018907,0.446982,0.129521,-0.003308,0.528594,0.67744,-0.007827,0.548608,0.781491,0.000462,0.53965,0.717682,0.009815,0.558522,0.811554,-0.000641,0.589573,0.664402,-0.001205,0.643618,0.793631,0.003399,0.628522,0.721541,-0.002094,0.643078,0.785198,0.003711
OK Sign,0.495065,0.906266,0.007425,0.369019,0.692,-0.001306,0.358053,0.622945,0.000418,0.407721,0.553028,0.014394,0.465713,0.585693,0.001598,0.411062,0.691578,0.008065,0.45322,0.594147,-0.012748,0.482557,0.525951,0.00196,0.414668,0.572627,-0.003386,0.456025,0.687608,0.005574,0.485381,0.47946,0.002723,0.474534,0.287768,-0.012384,0.451105,0.12233,0.014252,0.570825,0.667486,0.000742,0.539315,0.477079,0.002737,0.550386,0.29577,-0.000884,0.541748,0.121213,-0.003202,0.618298,0.675831,-0.0042,0.631105,0.480723,0.007655,0.626618,0.321617,0.011179,0.645716,0.197302,-0.005165
Thumbs Up,0.521648,0.92128,0.009792,0.369498,0.707081,0.007234,0.280976,0.623177,-0.005402,0.220337,0.459986,0.015456,0.21371,0.291229,-0.005854,0.40093,0.655881,-0.004569,0.392028,0.779539,0.01161,0.368771,0.717625,0.010213,0.356217,0.781763,0.01041,0.47497,0.644018,0.000356,0.459155,0.800938,-0.005832,0.453431,0.709075,-0.008432,0.449594,0.782769,-0.00825,0.520721,0.652033,-0.012477,0.539746,0.771796,-0.009812,0.555339,0.719423,-0.003456,0.546432,0.819115,0.001919,0.615705,0.638968,-0.00523,0.601948,0.774886,0.002986,0.630708,0.726223,-0.008182,0.65291,0.781357,-0.002094
Thumbs Up,0.47553,0.9061,0.006181,0.395614,0.722838,0.014425,0.265334,0.619234,-0.01533,0.249363,0.46304,-0.009129,0.234119,0.287728,-0.015129,0.403522,0.661226,0.00089,0.376418,0.796482,-0.011386,0.375009,0.74177,-0.006616,0.366528,0.802424,-0.005518,0.477775,0.671165,-0.00755,0.485144,0.789499,-0.001337,0.45276,0.710588,0.009848,0.456242,0.805513,-0.001476,0.547397,0.668608,0.006111,0.543801,0.789955,0.005379,0.548201,0.709683,-0.007521,0.543111,0.788186,0.006926,0.609441,0.688841,0.018235,0.628291,0.761424,-0.003052,0.637896,0.702139,-0.002004,0.649443,0.794487,-0.006147
Peace,0.527974,0.909034,-0.003968,0.386179,0.708781,-0.01103,0.445568,0.712503,5.1e-05,0.456316,0.671509,0.009066,0.391835,0.651231,-0.007222,0.410499,0.688605,0.006204,0.407293,0.453305,0.001309,0.364504,0.2955,0.001957,0.374135,0.146509,-0.015829,0.459971,0.652232,-0.01311,0.478919,0.482189,0.012453,0.477922,0.300818,-0.007757,0.472902,0.121701,-0.009595,0.526195,0.671462,0.010124,0.546631,0.794693,0.000731,0.544483,0.752654,0.014568,0.554363,0.790014,-0.012872,0.614816,0.666934,0.003736,0.631876,0.785235,0.009138,0.642571,0.711319,-0.006164,0.652998,0.787138,0.005747
OK Sign,0.50367,0.912305,0.000368,0.397922,0.71303,-0.001229,0.348545,0.60754,-0.002569,0.413574,0.565124,0.007479,0.470971,0.584057,0.002484,0.411421,0.689539,-0.002992,0.445617,0.613095,-0.004463,0.470577,0.535934,-0.011457,0.422799,0.543877,0.001718,0.484817,0.664042,-0.012156,0.466566,0.479767,0.000965,0.466424,0.303409,-0.011709,0.47389,0.103994,-0.002842,0.54967,0.660832,-0.011612,0.534118,0.474158,0.01604,0.528368,0.30505,-0.001604,0.539208,0.113418,-0.009505,0.614118,0.678097,0.01052,0.60798,0.454536,0.004607,0.635219,0.31422,-0.015149,0.65496,0.18157,0.016143
Fist,0.481251,0.906758,-0.005432,0.387636,0.689265,-0.007836,0.426346,0.729763,-0.000699,0.444593,0.676235,0.007621,0.424713,0.664594,-0.006073,0.396624,0.655005,0.004554,0.392131,0.777223,-0.003032,0.361193,0.718569,0.013339,0.355379,0.802639,0.007273,0.468832,0.654281,0.002705,0.482321,0.781833,-0.00031,0.459789,0.694448,0.002531,0.452217,0.789043,0.009867,0.52856,0.671167,-0.009913,0.550034,0.763108,0.001773,0.551008,0.728832,-0.010386,0.546744,0.790112,0.005764,0.589232,0.665297,0.00389,0.630089,0.761573,0.008904,0.639508,0.731983,-0.003383,0.646427,0.80236,-0.003507
Thumbs Up,0.498271,0.917925,-0.000891,0.388424,0.698469,-0.011979,0.293988,0.606792,-0.001736,0.231391,0.462788,0.009308,0.21788,0.281326,-0.005907,0.387824,0.672956,0.010489,0.3825,0.778724,0.004254,0.353757,0.716253,0.003923,0.374481,0.797112,0.003013,0.472979,0.679388,-0.008906,0.470819,0.761826,-0.02096,0.453117,0.70901,0.007008,0.465971,0.785371,0.006779,0.527974,0.668965,-0.002351,0.547373,0.789824,0.005107,0.553799,0.727799,0.003828,0.544476,0.791392,-0.00376,0.615992,0.666999,0.018686,0.618168,0.766814,0.006148,0.655862,0.726068,0.006687,0.663116,0.798872,-0.011384
Open Palm,0.50643,0.923092,0.000953,0.390378,0.697567,0.0061,0.284132,0.63247,-0.014999,0.208116,0.549586,0.00806,0.132116,0.477334,0.000698,0.402374,0.667539,-0.011669,0.407899,0.473186,0.004236,0.384596,0.303476,0.001751,0.383945,0.119551,0.007937,0.47199,0.670471,-0.003321,0.466305,0.48695,-0.009376,0.443053,0.296703,0.005617,0.457411,0.146454,0.010368,0.55683,0.687427,0.002108,0.549953,0.471815,-0.021484,0.551165,0.290739,-0.001609,0.519175,0.14077,-0.001614,0.602911,0.656141,-0.006501,0.609287,0.468348,-0.011304,0.626382,0.295942,0.006875,0.615982,0.17465,-0.007131
Fist,0.490885,0.927098,0.010039,0.376936,0.691848,-0.003009,0.402309,0.729348,0.003063,0.455569,0.673944,0.00897,0.423761,0.664652,0.004025,0.40172,0.685763,-0.010957,0.381625,0.752602,-0.003364,0.39524,0.704585,-0.008826,0.363102,0.81036,0.005441,0.463475,0.690371,-0.000464,0.477661,0.799121,-0.007864,0.442461,0.72643,0.001489,0.458409,0.803217,-0.000804,0.558737,0.633872,0.010167,0.549107,0.778471,-0.007799,0.564388,0.706074,0.000866,0.56565,0.78014,0.002529,0.613729,0.675122,-0.003721,0.635027,0.792463,-0.002403,0.663801,0.706363,-0.005429,0.660431,0.7974,-0.007495
Peace,0.513909,0.947746,-0.006166,0.350039,0.724283,0.002004,0.429332,0.708365,-0.010814,0.468303,0.678282,-0.017223,0.408714,0.67259,0.010229,0.40257,0.704008,0.008214,0.412273,0.496,0.00665,0.36503,0.280796,-0.005931,0.3761,0.130013,0.002998,0.46976,0.675733,0.0079,0.466945,0.476544,-0.02097,0.474167,0.29072,-0.007273,0.471412,0.141021,0.00544,0.551436,0.656871,-0.001834,0.5394,0.800758,0.00691,0.546673,0.730097,0.002998,0.550591,0.805603,0.006805,0.608294,0.654994,0.002837,0.624831,0.766256,-0.006146,0.635807,0.720326,0.004494,0.64345,0.805399,-0.002987
Fist,0.481325,0.927872,-0.000861,0.3778,0.693043,-0.006883,0.437399,0.729669,0.003448,0.440353,0.701478,0.009431,0.432847,0.635238,0.007124,0.382797,0.67515,0.009302,0.39486,0.788715,0.014822,0.373183,0.710311,-0.004223,0.364232,0.810065,-0.008502,0.479783,0.669705,-0.003678,0.452792,0.774343,0.002443,0.458064,0.729053,-0.012893,0.440363,0.787557,0.008874,0.538331,0.670449,0.004735,0.553875,0.773593,-0.011418,0.545298,0.701657,-0.000537,0.542802,0.80345,0.001569,0.605632,0.677617,0.022695,0.60586,0.809121,-0.007782,0.622547,0.708465,0.005871,0.648589,0.79256,-0.004638
Fist,0.491905,0.919733,0.003944,0.385909,0.704255,0.003796,0.43725,0.738686,0.003656,0.453899,0.68402,-0.005339,0.412987,0.664106,0.000472,0.391881,0.676721,-0.006046,0.387532,0.764035,0.010575,0.377052,0.725563,0.000142,0.348064,0.779969,0.000589,0.465548,0.673923,0.008304,0.468989,0.76848,0.005074,0.453081,0.724808,0.004782,0.451768,0.817522,-0.002729,0.540353,0.68526,0.001497,0.536021,0.775814,0.001852,0.544278,0.713902,0.007577,0.549677,0.820857,-0.001287,0.597749,0.667056,0.007449,0.621055,0.793414,5.6e-05,0.643543,0.711291,0.00026,0.645931,0.812583,-0.003724
OK Sign,0.485533,0.908373,-0.011286,0.386384,0.726197,-0.012855,0.338018,0.59392,-0.01503,0.388562,0.577673,-0.004013,0.459615,0.597869,-0.006681,0.416007,0.666873,-0.004167,0.450329,0.586356,-0.002019,0.474709,0.543797,-0.014457,0.415338,0.575154,0.01263,0.439755,0.660771,0.000671,0.461825,0.488645,0.00387,0.470219,0.297133,-0.00143,0.4722,0.136387,0.002673,0.541274,0.660819,-0.006066,0.544693,0.492428,-0.008114,0.550222,0.304768,-0.002065,0.547572,0.137685,-0.006272,0.62668,0.649046,0.00527,0.627761,0.496599,-0.01632,0.616159,0.312954,-0.006243,0.63665,0.192898,-0.008541
Thumbs Up,0.474844,0.923958,-0.010891,0.365198,0.676288,-0.008944,0.296821,0.594264,-0.013997,0.232139,0.455906,0.003458,0.218887,0.279898,-0.010382,0.398514,0.676003,-0.004664,0.36475,0.793231,-0.003322,0.366289,0.720192,0.008244,0.367163,0.796001,0.005457,0.495764,0.686653,0.005383,0.450533,0.825025,-0.009589,0.455938,0.711601,0.013015,0.463043,0.782875,0.002141,0.546563,0.666178,-0.009762,0.5373,0.774758,0.000182,0.543361,0.728823,-0.0076,0.531223,0.791127,0.010791,0.603122,0.69809,0.003932,0.614027,0.769989,0.001947,0.624668,0.748495,-0.007927,0.654171,0.817522,-0.000874
Thumbs Up,0.502555,0.920651,-0.004218,0.374897,0.704994,0.00672,0.272027,0.612617,-0.004485,0.21859,0.464711,-0.00263,0.202092,0.27077,0.00225,0.39988,0.6569,-0.006728,0.37981,0.784862,-0.008398,0.377057,0.710112,0.021822,0.352708,0.790518,0.001552,0.459171,0.679932,0.014411,0.459349,0.782073,-0.004142,0.4604,0.737181,0.007154,0.447149,0.818551,0.009296,0.545836,0.662089,0.000526,0.536454,0.785611,-0.002532,0.52278,0.731114,0.001532,0.564942,0.798366,0.001508,0.623384,0.674654,0.002304,0.666573,0.777972,0.001353,0.659608,0.71034,-0.008328,0.628815,0.806404,0.005005
OK Sign,0.497488,0.93669,-0.004636,0.395807,0.693839,-0.012132,0.342859,0.623701,0.010138,0.399272,0.564787,-9.4e-05,0.466156,0.602568,-0.004027,0.41167,0.679752,0.0095,0.440453,0.591102,-0.004551,0.446229,0.51542,0.008996,0.42244,0.550504,0.00394,0.470399,0.679266,-0.003542,0.466735,0.466181,0.009175,0.469991,0.301422,0.01956,0.475148,0.147158,0.002662,0.533842,0.675488,0.000417,0.539086,0.494276,-0.002488,0.549354,0.301539,-0.01199,0.555439,0.139285,0.00044,0.613108,0.6662,-0.004976,0.61195,0.458429,0.004316,0.61299,0.29464,-0.016679,0.629035,0.186537,0.000732
Peace,0.498945,0.925155,-0.001878,0.376876,0.701948,-0.000507,0.440395,0.724913,-0.011555,0.461729,0.664362,-0.020272,0.406839,0.654737,-0.006368,0.38156,0.667304,0.009732,0.400503,0.480099,0.007369,0.375815,0.289416,0.005428,0.359997,0.134008,-0.000205,0.465647,0.664503,0.009098,0.447778,0.483228,-0.002309,0.454803,0.300467,0.002526,0.460281,0.13294,0.011319,0.532789,0.675015,-0.013909,0.551483,0.757597,0.005051,0.543898,0.72197,-0.011644,0.552288,0.809888,0.004959,0.609793,0.669922,0.009164,0.636832,0.772503,-0.004639,0.630642,0.719572,-0.009285,0.6201,0.79738,0.002023
Fist,0.493554,0.906671,-0.002924,0.396129,0.708925,-0.01835,0.440305,0.703386,0.015461,0.470144,0.675265,0.000856,0.427932,0.654079,0.003708,0.398445,0.66699,0.0122,0.357535,0.780564,-0.011145,0.369015,0.711503,0.02037,0.357829,0.798356,-0.004947,0.480673,0.663878,-0.00524,0.486445,0.789371,0.002152,0.489349,0.712404,-0.006501,0.448478,0.814438,-0.004951,0.554283,0.662447,-0.014517,0.536381,0.783446,0.009538,0.565216,0.724397,0.005473,0.520267,0.803152,0.000308,0.606292,0.662009,0.007038,0.641671,0.803575,-0.001558,0.629247,0.742623,-0.002563,0.639753,0.783354,0.003361
OK Sign,0.514863,0.939962,0.005701,0.365794,0.704345,-0.011101,0.340139,0.632346,-0.000413,0.399863,0.550596,0.008924,0.446596,0.593666,-0.00279,0.38544,0.677854,-0.00807,0.436871,0.583147,0.013776,0.472773,0.533783,-0.005032,0.422306,0.558378,0.009776,0.467356,0.69064,-0.001847,0.467935,0.474411,-0.000209,0.451931,0.286227,-0.013299,0.45091,0.118655,0.002303,0.532263,0.668134,0.010488,0.55027,0.461241,0.003246,0.553526,0.298292,-0.007587,0.553348,0.12693,0.002135,0.616976,0.675037,-0.003939,0.60008,0.481155,-0.00099,0.62692,0.303906,0.004274,0.624077,0.190129,0.002804
Fist,0.490029,0.918754,-0.009871,0.390475,0.690352,-0.002253,0.428794,0.70374,0.006473,0.460483,0.65341,-0.003127,0.415992,0.647585,0.002791,0.414453,0.67416,-0.011289,0.373868,0.756261,0.001605,0.359221,0.723305,0.006409,0.374539,0.802493,-0.002046,0.450543,0.696175,0.017672,0.462879,0.785177,-0.009202,0.455744,0.720314,-0.00472,0.479088,0.803734,-0.00497,0.535103,0.672922,-0.012734,0.551786,0.779525,0.007188,0.553865,0.712161,-0.005358,0.568634,0.805144,0.004766,0.617126,0.668913,-0.00876,0.649587,0.777679,0.010306,0.63773,0.733287,-0.00693,0.630206,0.796647,-0.003859
Peace,0.493586,0.926656,-0.000197,0.378463,0.699702,-0.005064,0.419543,0.727091,-0.011083,0.467179,0.690063,-0.006156,0.398071,0.664723,0.001907,0.400246,0.653987,-0.015342,0.411089,0.477403,0.004035,0.380251,0.304962,-0.010226,0.367651,0.113736,-0.008697,0.461492,0.648321,-0.00369,0.458319,0.465765,-0.001063,0.463564,0.289956,0.016096,0.469618,0.14346,-0.002627,0.550723,0.679187,-0.008148,0.537813,0.814983,-0.00329,0.555442,0.717425,0.006651,0.540065,0.787936,0.009075,0.612382,0.640269,0.000187,0.625816,0.788528,0.002568,0.642906,0.72105,0.002324,0.632169,0.790221,-0.006818
OK Sign,0.489862,0.914001,-0.003692,0.363254,0.669455,-0.012473,0.341812,0.626511,0.00548,0.39377,0.558468,-0.013423,0.446921,0.587117,-0.004731,0.407139,0.684701,0.00441,0.471434,0.596418,-0.015767,0.44825,0.529277,-0.007126,0.41197,0.576969,0.000639,0.455475,0.68717,-0.001624,0.466221,0.482552,0.004106,0.454871,0.300727,0.009948,0.47578,0.120176,0.000127,0.558298,0.666872,-0.010749,0.535376,0.487165,-0.000824,0.546768,0.303126,-0.002223,0.55502,0.145922,0.003407,0.616299,0.683482,0.005845,0.633034,0.455733,0.000277,0.633724,0.298378,-0.006826,0.635408,0.171147,0.0027
OK Sign,0.492806,0.912694,0.006768,0.351881,0.702812,0.006576,0.355693,0.598727,0.009728,0.3987,0.561088,0.002226,0.434167,0.605732,0.005579,0.392105,0.672906,0.01885,0.442572,0.589118,-0.013057,0.462218,0.536264,-0.004368,0.416741,0.563878,-0.002958,0.482038,0.667702,-0.000681,0.466716,0.458401,0.004623,0.472927,0.309311,0.003556,0.459964,0.136535,0.021811,0.526775,0.677251,0.003919,0.553249,0.462885,0.016109,0.56179,0.297221,0.014608,0.550984,0.155435,0.001731,0.585864,0.669684,-0.003624,0.602961,0.468134,0.002245,0.619912,0.312017,-0.013472,0.634037,0.185648,0.003252
Thumbs Up,0.493615,0.931435,-0.011549,0.380402,0.703039,-0.002525,0.298684,0.616969,0.018571,0.23744,0.452687,-0.004494,0.200021,0.291427,-0.004535,0.399157,0.678992,-0.005788,0.378476,0.757905,-0.00866,0.364387,0.724989,0.009548,0.363778,0.803136,0.001344,0.483017,0.68072,0.00219,0.451869,0.790841,0.003048,0.475123,0.719641,0.015625,0.453693,0.819117,0.000921,0.533805,0.656459,-0.001208,0.56308,0.789796,0.005511,0.52109,0.728532,0.004447,0.545401,0.792471,-1.8e-05,0.630699,0.657339,-0.003422,0.644341,0.774646,-0.002914,0.639973,0.705105,0.00176,0.631485,0.810622,2.5e-05
Fist,0.494642,0.938175,0.006351,0.368884,0.677521,0.011938,0.432947,0.724928,-0.007261,0.435131,0.664144,0.002403,0.414075,0.679746,0.007352,0.392893,0.658873,0.010322,0.377523,0.811723,0.000772,0.35482,0.695512,-0.005884,0.381345,0.797035,-0.020001,0.462499,0.666519,0.010959,0.469191,0.7782,0.002424,0.487091,0.732709,-0.005932,0.46621,0.813583,0.018636,0.543443,0.66612,0.002861,0.540272,0.781811,-0.00644,0.549881,0.702518,0.006752,0.561583,0.78019,0.005977,0.603275,0.686954,0.008035,0.641044,0.787093,-0.008345,0.613874,0.721627,-0.010182,0.648278,0.782141,0.006249
Thumbs Up,0.490895,0.94144,-0.001277,0.370041,0.695525,0.007635,0.281784,0.615782,0.005823,0.238989,0.476796,-0.004404,0.223593,0.270486,-0.003172,0.414353,0.679869,1.7e-05,0.367703,0.78674,-0.005043,0.360113,0.712222,0.001972,0.338548,0.804329,0.001391,0.462986,0.682443,0.004892,0.456725,0.77196,0.005561,0.442207,0.716009,-0.005048,0.458839,0.802534,0.000294,0.553618,0.672737,-0.00252,0.53147,0.788662,0.004225,0.56701,0.711031,0.000211,0.551296,0.798949,8.3e-05,0.589426,0.6799,0.005226,0.641566,0.806995,-0.002552,0.638366,0.720117,0.015537,0.625225,0.805829,-0.011767
Thumbs Up,0.500335,0.935332,0.00338,0.411837,0.697079,0.006314,0.294973,0.628079,-0.00303,0.240143,0.479549,-0.005767,0.209102,0.286052,-0.003478,0.389497,0.691993,-0.001837,0.402809,0.773899,-0.001657,0.380766,0.717528,-0.007191,0.355361,0.803272,-0.005329,0.471057,0.642913,-0.004465,0.461836,0.773848,-0.007949,0.449798,0.720846,0.011896,0.441219,0.796685,0.007816,0.544013,0.668875,-0.003606,0.546159,0.778787,-0.017492,0.541011,0.696605,0.010328,0.561872,0.790541,0.006439,0.639384,0.662523,0.010394,0.63235,0.77716,-0.008847,0.632129,0.715261,-0.018526,0.652366,0.796139,0.003674
Thumbs Up,0.512181,0.911448,0.003047,0.380033,0.727192,-0.014898,0.298343,0.606325,-0.000802,0.252819,0.459897,0.017928,0.204694,0.284206,-0.003927,0.391712,0.67075,-0.002261,0.38443,0.75474,0.01602,0.369196,0.740915,-0.008057,0.36751,0.837979,-0.006958,0.452056,0.663442,0.00378,0.47232,0.795484,-0.002056,0.441173,0.71478,0.009922,0.463588,0.776517,-0.00028,0.556778,0.695519,0.004493,0.549712,0.765118,-0.006746,0.550163,0.726038,0.004641,0.546261,0.786177,-0.006222,0.596116,0.677721,-0.018498,0.624001,0.785399,0.012176,0.639656,0.732015,-0.003192,0.637067,0.791907,0.012219
Thumbs Up,0.481254,0.924461,-0.007322,0.368516,0.680942,0.009288,0.288313,0.623794,0.002178,0.20956,0.446996,0.006063,0.200812,0.266916,-0.001435,0.397876,0.657858,-0.002609,0.376258,0.74892,0.004021,0.361464,0.735653,-0.009201,0.345045,0.814251,-0.01268,0.462366,0.677168,-0.002637,0.444134,0.782256,-0.001555,0.475806,0.727064,0.024286,0.438249,0.79974,-0.008533,0.553857,0.679862,0.006032,0.536672,0.771058,-0.016237,0.570114,0.726099,-0.002087,0.563202,0.809011,0.007802,0.590518,0.661434,0.001564,0.632265,0.791487,-0.008069,0.640327,0.746464,0.005535,0.656447,0.79977,0.006141
Open Palm,0.506691,0.918285,0.004146,0.376723,0.690964,-0.009616,0.287524,0.634487,-0.010378,0.215011,0.572308,-0.016277,0.094332,0.461765,0.001252,0.432157,0.655818,-0.002538,0.406545,0.474056,0.008927,0.39231,0.299649,0.007057,0.384231,0.113165,-0.001397,0.462451,0.670356,-0.00971,0.454892,0.480669,-5.8e-05,0.480327,0.302525,0.011459,0.476724,0.143654,-0.028279,0.530724,0.675561,-0.010585,0.536815,0.488023,0.00038,0.542114,0.32079,-0.003377,0.562336,0.129404,0.000793,0.605698,0.659913,-0.001773,0.603062,0.487334,0.000905,0.623619,0.309533,-0.008338,0.613389,0.185057,-0.01102
OK Sign,0.487475,0.908147,-0.000337,0.361022,0.700656,-0.000911,0.345999,0.602068,0.004404,0.410155,0.570667,0.00351,0.444831,0.591248,-0.011212,0.403662,0.690862,-0.005252,0.461705,0.599996,0.015714,0.451548,0.530914,-0.005302,0.410023,0.569228,0.009231,0.46969,0.66597,-0.008692,0.466255,0.4833,0.005032,0.474919,0.293291,-0.005422,0.476955,0.133181,-0.013715,0.559249,0.661797,0.006486,0.539204,0.480665,0.013346,0.524444,0.296147,-0.005802,0.5457,0.126225,0.007393,0.615156,0.664336,0.012049,0.629556,0.469411,-0.002999,0.62076,0.302562,-0.003082,0.645949,0.173638,9.6e-05
Fist,0.490323,0.910536,-0.006552,0.377921,0.694311,-0.010437,0.428765,0.734032,-0.00394,0.469829,0.683785,0.003116,0.415518,0.664962,0.00546,0.376849,0.68282,-0.004089,0.389807,0.752324,-0.003473,0.350812,0.718219,0.001452,0.368884,0.800248,-0.01002,0.485633,0.653857,-0.00269,0.454679,0.77277,-0.011225,0.473427,0.728953,0.000573,0.456268,0.78848,-0.000881,0.529104,0.671037,0.00315,0.543034,0.784788,0.004669,0.559256,0.743697,-0.011422,0.537194,0.785402,-0.001582,0.590866,0.663635,0.006705,0.636751,0.799675,0.006829,0.650956,0.713652,-0.002864,0.656546,0.810303,-0.015331
Peace,0.487296,0.91368,-0.006079,0.386472,0.713418,-0.012695,0.426511,0.730171,0.000658,0.469999,0.681438,-0.004638,0.406657,0.638103,-0.002969,0.400173,0.681061,-0.003022,0.418434,0.479082,-0.003867,0.385667,0.288353,0.001671,0.348231,0.138113,0.000533,0.472527,0.671858,-0.01019,0.456067,0.498797,0.003957,0.456533,0.305053,0.003262,0.484454,0.143324,0.003289,0.53461,0.691404,-0.000812,0.535554,0.765357,-0.006899,0.545231,0.729185,0.007305,0.565813,0.801836,0.006652,0.637112,0.680923,0.012823,0.609872,0.771098,-0.006009,0.606676,0.720884,0.01114,0.639576,0.802345,-0.006832
OK Sign,0.514162,0.907994,-0.009176,0.379295,0.716831,-0.007033,0.335827,0.591784,-1.2e-05,0.39102,0.557962,-0.019592,0.460999,0.567854,-0.010796,0.39711,0.655771,-0.01292,0.433672,0.567932,-0.005651,0.463738,0.550441,0.006957,0.385488,0.557456,-0.006908,0.475468,0.665885,0.002803,0.474653,0.475322,-0.013233,0.45872,0.307468,0.004551,0.458755,0.137998,-0.00078,0.524478,0.672077,0.00668,0.558874,0.472973,0.000984,0.543435,0.283804,0.002552,0.537778,0.130829,-0.00534,0.60289,0.669259,0.000646,0.625391,0.475098,-0.002258,0.633293,0.294956,0.000168,0.630095,0.179377,0.006587
Fist,0.512482,0.918271,0.005416,0.384104,0.7053,0.00593,0.426197,0.726149,-0.01442,0.462737,0.665929,-0.006164,0.415397,0.667862,0.004599,0.405552,0.667832,0.002253,0.371303,0.798459,0.012972,0.363993,0.705094,-0.009281,0.352864,0.788815,0.002432,0.472174,0.680176,0.001442,0.466535,0.776403,0.012483,0.47973,0.710504,0.002419,0.454893,0.796846,-0.004502,0.526203,0.666724,0.007531,0.562514,0.791349,0.001146,0.565744,0.719058,-0.000985,0.536067,0.81424,0.008101,0.59858,0.654913,0.015934,0.630712,0.767079,-0.002468,0.645719,0.732894,0.00647,0.665303,0.808722,0.003622
Open Palm,0.507403,0.897267,-0.004529,0.39748,0.693603,-0.000643,0.322722,0.639113,0.011387,0.222065,0.569098,-0.003479,0.09264,0.469693,0.005147,0.407104,0.684067,-0.008847,0.392943,0.455399,-0.007062,0.387452,0.273813,0.006534,0.394968,0.112767,-0.002071,0.490622,0.676008,0.003179,0.46814,0.463538,-0.001095,0.47914,0.301044,0.005774,0.456659,0.119543,-0.00345,0.527364,0.653652,-0.000159,0.540405,0.468715,0.005569,0.535121,0.305107,0.003987,0.568992,0.134105,0.006317,0.610897,0.653114,0.006846,0.639603,0.478509,0.01675,0.639986,0.324012,-0.00145,0.626384,0.180672,-0.00581
Fist,0.490674,0.910678,0.000426,0.372453,0.71858,0.001454,0.440237,0.718046,0.004722,0.489875,0.679341,-0.008968,0.433664,0.654306,-0.010308,0.386468,0.655818,0.004182,0.371801,0.769573,-0.002976,0.37631,0.730682,0.009863,0.360014,0.812196,-0.006299,0.490528,0.677442,0.002126,0.444942,0.791689,-0.003743,0.453064,0.710149,-0.004849,0.463923,0.805127,0.000416,0.562478,0.655015,0.002288,0.53006,0.786764,0.004587,0.551229,0.726073,0.004677,0.557808,0.783391,0.00702,0.630985,0.683485,-0.002082,0.651592,0.782967,0.009379,0.646993,0.737313,-0.012738,0.636487,0.806291,-0.001912
Thumbs Up,0.48805,0.916723,0.002898,0.390509,0.700681,-0.011202,0.290508,0.60192,-0.017466,0.221629,0.442811,0.004695,0.23333,0.302305,-0.004586,0.394391,0.678265,0.00849,0.376975,0.778288,0.017655,0.369911,0.714176,0.000959,0.370956,0.78774,-0.001987,0.456004,0.666661,0.015015,0.472901,0.778889,-0.007465,0.456663,0.732609,-0.004493,0.475405,0.783516,-0.00232,0.560913,0.645906,0.009507,0.523783,0.778919,-0.00138,0.559492,0.682145,-0.015342,0.545208,0.800443,-0.007146,0.60735,0.655766,-0.00321,0.617839,0.782928,0.004651,0.655995,0.712123,-0.002544,0.646573,0.796461,-0.000416
OK Sign,0.521464,0.924728,-0.008174,0.356786,0.6944,-0.010897,0.339059,0.623197,-0.002572,0.391656,0.53633,-0.011794,0.451028,0.588413,0.001512,0.382893,0.690472,-0.004018,0.422883,0.576701,-0.00514,0.464098,0.510014,0.007007,0.414816,0.570179,0.011486,0.466453,0.662372,0.004611,0.446,0.492938,-0.000483,0.458574,0.286375,-0.010459,0.457278,0.135522,-0.000147,0.512325,0.661746,0.004106,0.565171,0.478201,0.003044,0.546345,0.295154,-0.009211,0.537989,0.113903,0.003707,0.620212,0.66773,-0.005095,0.631563,0.506598,-0.013982,0.635618,0.301646,0.002565,0.645306,0.198467,-0.001013
Open Palm,0.483256,0.921956,0.00773,0.370657,0.689294,0.01205,0.27305,0.650175,0.003439,0.191291,0.558363,-0.00688,0.112007,0.478167,-0.005655,0.380229,0.678548,-0.004835,0.400109,0.478152,0.022502,0.387797,0.283844,-0.010977,0.362243,0.124857,-0.013221,0.456488,0.670182,-0.012504,0.465651,0.482796,-0.008039,0.470947,0.301021,0.008747,0.468977,0.127448,-0.00126,0.545542,0.674533,-0.013542,0.554268,0.473268,0.009072,0.54845,0.292205,-2e-06,0.566286,0.121005,-0.013677,0.606932,0.685113,0.012705,0.631843,0.454557,-0.001897,0.623163,0.297883,-0.00876,0.6337,0.165791,0.018561
Thumbs Up,0.502502,0.923483,0.013638,0.395562,0.689478,0.010543,0.282617,0.609789,0.000122,0.242876,0.446449,0.003615,0.216288,0.289738,-0.001683,0.412041,0.661461,0.009176,0.386227,0.763199,0.003263,0.373352,0.715732,-0.00589,0.361118,0.782694,0.013526,0.456461,0.662065,0.009159,0.47102,0.788643,0.012134,0.456654,0.707442,0.006754,0.467555,0.796077,-0.010125,0.55487,0.67691,-0.010988,0.555359,0.762708,-0.003861,0.53612,0.712346,-0.006666,0.54464,0.808691,0.002357,0.617545,0.683108,-0.002982,0.628959,0.786458,0.013654,0.649589,0.736579,0.008152,0.658687,0.778584,0.007047
Fist,0.503879,0.912108,0.004143,0.404448,0.71464,-0.005699,0.444878,0.715934,-0.001747,0.46175,0.694924,-0.011081,0.432608,0.655053,-0.013108,0.411971,0.665003,-0.016028,0.391561,0.759762,-0.003023,0.357682,0.710271,0.008712,0.371619,0.781904,-0.001803,0.470818,0.686278,0.003685,0.44948,0.764507,0.005311,0.469563,0.712791,-0.005009,0.464115,0.803474,-0.02104,0.536743,0.679882,-0.011873,0.556448,0.765026,0.001858,0.539449,0.700619,0.001767,0.550773,0.818261,0.006653,0.590941,0.673936,0.007851,0.638183,0.802325,0.015626,0.630321,0.724659,0.019211,0.661338,0.791954,-0.012198
Open Palm,0.505802,0.9216,0.004168,0.36333,0.682547,0.003115,0.294797,0.635158,-0.015985,0.186947,0.566454,0.001015,0.112304,0.468852,0.002132,0.39819,0.668088,-0.004035,0.392353,0.483392,-0.005011,0.401052,0.292935,0.001331,0.354381,0.118012,0.007364,0.478717,0.672576,-0.00538,0.471094,0.468085,0.00856,0.432153,0.29538,-0.006378,0.476538,0.127624,0.009899,0.557348,0.675457,-0.013104,0.534104,0.47401,0.003204,0.550856,0.284045,0.006277,0.536824,0.125753,0.002059,0.608443,0.688826,0.009115,0.603622,0.466491,0.009198,0.630259,0.30754,0.000201,0.651767,0.18926,0.006292
Open Palm,0.500719,0.91379,-0.009916,0.391495,0.707002,0.009296,0.29416,0.634378,-0.005823,0.190828,0.555139,0.005482,0.113381,0.483411,0.006024,0.394551,0.681742,0.003362,0.395148,0.479689,0.001387,0.370775,0.289938,0.002002,0.383733,0.127234,0.004017,0.467229,0.660606,0.0001,0.471461,0.471735,-0.004752,0.457758,0.302196,-0.0118,0.464292,0.133139,0.001643,0.533254,0.673359,-0.008826,0.534015,0.489588,-0.010629,0.538566,0.293067,0.005197,0.531719,0.122932,-0.008683,0.629873,0.666683,-0.004155,0.620815,0.490368,-0.016584,0.615929,0.30262,-0.005039,0.619691,0.171493,0.001253
Open Palm,0.503889,0.918781,0.000494,0.375441,0.692297,0.000975,0.302035,0.621435,0.001926,0.194605,0.561033,-0.006014,0.121726,0.467134,-0.000162,0.396876,0.650017,0.003346,0.356808,0.475492,-0.011925,0.384184,0.295967,0.006536,0.370575,0.127444,0.008965,0.464422,0.669644,0.01141,0.474793,0.503795,0.003672,0.457344,0.312889,0.007379,0.457723,0.136481,-0.000659,0.545977,0.670391,-0.001039,0.563415,0.485475,-0.010644,0.548801,0.29641,0.002504,0.551879,0.134395,-0.013587,0.591185,0.686807,-0.000213,0.635507,0.486331,-0.004265,0.608638,0.306143,0.004138,0.658014,0.17757,0.000609
Open Palm,0.502381,0.9171,0.001316,0.378919,0.688309,-0.004235,0.30523,0.639238,-0.010727,0.175798,0.556131,0.00223,0.105837,0.458552,0.004487,0.438329,0.680464,-0.007973,0.389138,0.478574,-0.010174,0.36425,0.298287,0.006321,0.376035,0.1218,0.004075,0.476255,0.658208,-0.009743,0.474592,0.493635,0.003243,0.477851,0.317604,-0.012227,0.466743,0.145792,0.009069,0.557127,0.662949,0.005454,0.552465,0.472822,0.001525,0.530319,0.289814,0.002621,0.561617,0.12999,0.012273,0.627872,0.658206,-0.000811,0.613409,0.489879,0.005745,0.619376,0.311089,-0.010565,0.651134,0.15073,-0.001433
Fist,0.50619,0.904646,-0.007717,0.385087,0.710622,0.001839,0.421672,0.731943,-0.001811,0.453585,0.663096,0.000331,0.410173,0.658464,-0.01611,0.410035,0.66326,0.000636,0.400001,0.798644,0.005296,0.358947,0.718942,0.0024,0.367232,0.801686,0.006563,0.4779,0.684628,0.006581,0.455663,0.776174,-0.000101,0.465354,0.714099,-8.5e-05,0.454018,0.793586,0.003303,0.550919,0.691269,0.008181,0.541292,0.795253,-0.011444,0.554587,0.713291,-0.004406,0.575772,0.794955,0.001968,0.617088,0.669695,-0.010888,0.631937,0.775892,-0.000846,0.638521,0.725474,0.003286,0.627778,0.802638,0.014113
Thumbs Up,0.487386,0.8936,-0.009418,0.394668,0.686826,-0.0044,0.276068,0.620387,1e-05,0.235889,0.458732,-0.009368,0.198313,0.290047,-0.000459,0.409293,0.632049,0.008881,0.376072,0.806074,-0.004086,0.371539,0.727925,-0.007006,0.374473,0.792257,0.010313,0.479518,0.675948,-0.005794,0.461473,0.783599,-0.016267,0.453779,0.731257,-0.010145,0.473348,0.79246,0.002586,0.526228,0.675813,0.003702,0.559636,0.796249,0.010028,0.552107,0.705286,0.01059,0.53635,0.794735,0.005897,0.615323,0.689117,-3.2e-05,0.607719,0.776697,0.001392,0.634593,0.736949,-0.001981,0.62877,0.805601,-0.009181
OK Sign,0.502522,0.908059,-0.008743,0.378822,0.692399,-0.007488,0.319756,0.608388,0.004763,0.409741,0.562883,0.013165,0.435733,0.592311,0.003019,0.380311,0.677706,-0.008767,0.447707,0.579959,0.005222,0.484028,0.527356,-0.005196,0.400408,0.564744,-0.007412,0.48116,0.689901,0.013837,0.488693,0.48133,0.003683,0.454263,0.284047,0.005921,0.443885,0.14189,-0.00691,0.537504,0.690828,0.002042,0.549269,0.476742,0.006848,0.54315,0.288822,-0.007919,0.530222,0.114891,0.005365,0.608992,0.658528,0.006276,0.621624,0.485329,-0.007945,0.623336,0.30419,-0.002174,0.649071,0.18928,0.01198
Thumbs Up,0.497482,0.915675,-0.002249,0.372991,0.67758,-0.007986,0.273312,0.608479,-0.005474,0.221754,0.462591,-0.004662,0.221185,0.275366,0.001801,0.384096,0.677882,-0.003241,0.386905,0.78396,-0.001388,0.373809,0.715376,0.010769,0.375211,0.80579,-0.009441,0.456808,0.662034,-0.00196,0.469376,0.769242,0.009417,0.460443,0.695847,-0.003803,0.426978,0.790979,-0.004393,0.532675,0.666097,-0.003153,0.538875,0.79803,0.009719,0.535898,0.735047,-0.012971,0.542225,0.818302,-0.017916,0.616897,0.654958,-0.001152,0.625838,0.800366,-0.006485,0.637972,0.727524,-0.002014,0.636135,0.79929,0.000748
Thumbs Up,0.511931,0.925849,0.026642,0.379612,0.707444,0.002461,0.287337,0.637794,0.012053,0.213206,0.455202,0.003427,0.219398,0.263819,-0.018044,0.377124,0.669147,-0.000826,0.386143,0.770764,-0.009794,0.346923,0.72395,0.00296,0.375916,0.80949,-0.001526,0.486191,0.668364,-0.005287,0.457753,0.772982,-0.017326,0.462276,0.722999,-0.002898,0.449434,0.804462,0.013735,0.540459,0.663908,-0.004732,0.545163,0.764823,-0.001002,0.550334,0.742136,0.007548,0.564408,0.791445,0.005359,0.596327,0.673744,0.00335,0.618803,0.803993,0.004539,0.615967,0.726634,-0.003259,0.646017,0.805589,0.003124
Open Palm,0.490409,0.935671,0.004295,0.393673,0.689438,-0.013361,0.295426,0.640409,0.006906,0.207922,0.561871,0.006409,0.12092,0.482462,0.015828,0.415476,0.657377,-0.012656,0.406837,0.474763,-0.001053,0.375242,0.303925,-0.003311,0.358716,0.10858,-0.019135,0.45735,0.684696,-0.007502,0.466568,0.493458,0.010511,0.457016,0.308536,-0.003004,0.437739,0.141489,0.000881,0.529475,0.672472,0.002669,0.545148,0.468382,-0.001397,0.549967,0.309046,-0.001727,0.536001,0.135092,0.009896,0.602853,0.67607,0.008386,0.63215,0.496136,0.002267,0.645793,0.316228,-0.006619,0.64072,0.182822,-0.005476
Thumbs Up,0.514477,0.917857,-0.000758,0.385405,0.702965,0.005397,0.290869,0.61183,-0.00626,0.227955,0.475037,-0.001633,0.207977,0.274102,0.006297,0.389744,0.680926,-0.007496,0.369307,0.782471,0.001041,0.374771,0.73275,-0.0033,0.369316,0.789082,0.010073,0.47759,0.676438,0.001503,0.454573,0.776072,0.004014,0.46017,0.721485,-0.010879,0.460173,0.791697,-0.008667,0.538144,0.647722,0.005589,0.556224,0.779359,-0.00795,0.538256,0.718187,-0.01939,0.554166,0.807973,-0.002495,0.604067,0.672184,0.002805,0.64113,0.780221,-0.005518,0.633265,0.722183,0.01245,0.642157,0.78737,-0.006961
OK Sign,0.509738,0.929805,0.009701,0.371801,0.711902,-0.002578,0.352087,0.619062,0.013309,0.410002,0.568137,0.002531,0.443964,0.582234,0.006785,0.384624,0.698769,0.00165,0.452376,0.601639,0.002006,0.464015,0.504211,0.002847,0.421758,0.542397,0.001535,0.468756,0.682485,-0.013643,0.460183,0.477635,-0.006914,0.465939,0.275304,-0.01814,0.460682,0.136573,-0.00662,0.544424,0.673647,0.004611,0.544075,0.459506,-0.0,0.547831,0.318008,-0.011984,0.576501,0.128989,-0.008513,0.606602,0.68342,0.000413,0.610416,0.488257,0.007832,0.628969,0.320474,0.016894,0.607951,0.18037,0.014828
